-- phpMyAdmin SQL Dump
-- version 5.2.0
-- https://www.phpmyadmin.net/
--
-- Host: 127.0.0.1
-- Generation Time: Aug 28, 2022 at 06:04 AM
-- Server version: 10.4.24-MariaDB
-- PHP Version: 8.1.6

SET SQL_MODE = "NO_AUTO_VALUE_ON_ZERO";
START TRANSACTION;
SET time_zone = "+00:00";


/*!40101 SET @OLD_CHARACTER_SET_CLIENT=@@CHARACTER_SET_CLIENT */;
/*!40101 SET @OLD_CHARACTER_SET_RESULTS=@@CHARACTER_SET_RESULTS */;
/*!40101 SET @OLD_COLLATION_CONNECTION=@@COLLATION_CONNECTION */;
/*!40101 SET NAMES utf8mb4 */;

--
-- Database: `jai_db`
--

-- --------------------------------------------------------

--
-- Table structure for table `borrowers`
--

CREATE TABLE `borrowers` (
  `b_id` int(11) NOT NULL,
  `picture` varchar(100) NOT NULL,
  `firstname` varchar(50) NOT NULL,
  `middlename` varchar(50) NOT NULL,
  `lastname` varchar(50) NOT NULL,
  `address` varchar(50) NOT NULL,
  `contactno` varchar(50) NOT NULL,
  `birthday` date NOT NULL,
  `businessname` varchar(50) NOT NULL,
  `occupation` varchar(50) NOT NULL,
  `comaker` varchar(50) NOT NULL,
  `comakerno` varchar(50) NOT NULL,
  `remarks` varchar(50) NOT NULL,
  `datecreated` date NOT NULL,
  `activeloan` tinyint(1) NOT NULL,
  `isdeleted` tinyint(1) NOT NULL
) ENGINE=InnoDB DEFAULT CHARSET=utf8mb4;

--
-- Dumping data for table `borrowers`
--

INSERT INTO `borrowers` (`b_id`, `picture`, `firstname`, `middlename`, `lastname`, `address`, `contactno`, `birthday`, `businessname`, `occupation`, `comaker`, `comakerno`, `remarks`, `datecreated`, `activeloan`, `isdeleted`) VALUES
(1, 'assets/icons/borrower-picture-placeholder.jpg', 'Tita', ' ', 'Ramos', 'Na', '+63 000-000-0000', '2022-08-01', 'Na', 'Na', 'Na', '+63 000-000-0000', '', '2022-08-14', 0, 0),
(3, 'assets/icons/borrower-picture-placeholder.jpg', 'LJ', 'Garcia', 'Bernardo', 'P Camias', '+63 956-691-1727', '1994-06-25', 'JAI', 'IT', 'Willie Bernardo', '+63 012-345-6789', '', '2022-08-14', 0, 1),
(4, 'assets/icons/borrower-picture-placeholder.jpg', 'TESTONE', 'TESTONE', 'TESTONE', 'TESTONE', '+63 000-000-0000', '2022-08-01', 'TESTONE', 'TESTONE', 'TESTONE', '+63 000-000-0000', '', '2022-08-14', 0, 1),
(5, 'assets/icons/borrower-picture-placeholder.jpg', 'Emily', ' ', 'Dumandan', 'NA', '+63 000-000-0000', '2022-08-01', 'NA', 'NA', 'NA', '+63 000-000-0000', '', '2022-08-14', 1, 0),
(6, 'assets/icons/borrower-picture-placeholder.jpg', 'Lyndon', ' ', 'Dizon', 'NA', '+63 000-000-0000', '2022-08-01', 'NA', 'NA', 'NA', '+63 000-000-0000', '', '2022-08-15', 1, 0),
(7, 'assets/icons/borrower-picture-placeholder.jpg', 'Christian', ' ', 'De Guzman', 'NA', '+63 000-000-0000', '2022-08-01', 'NA', 'NA', 'NA', '+63 000-000-0000', '', '2022-08-15', 1, 0),
(8, 'assets/icons/borrower-picture-placeholder.jpg', 'Rey', ' ', 'Solatorio', 'NA', '+63 000-000-0000', '2022-08-01', 'NA', 'NA', 'NA', '+63 000-000-0000', '', '2022-08-15', 1, 0),
(9, 'assets/icons/borrower-picture-placeholder.jpg', 'Clarissa', ' ', 'Dumandan', 'NA', '+63 000-000-0000', '2022-08-01', 'NA', 'NA', 'NA', '+63 000-000-0000', '', '2022-08-15', 1, 0),
(10, 'assets/icons/borrower-picture-placeholder.jpg', 'Argie', ' ', 'Bulanadi', 'NA', '+63 000-000-0000', '2022-08-01', 'NA', 'NA', 'NA', '+63 000-000-0000', '', '2022-08-15', 1, 0),
(11, 'assets/icons/borrower-picture-placeholder.jpg', 'Arlene', ' ', 'Besa', 'NA', '+63 000-000-0000', '2022-08-01', 'NA', 'NA', 'NA', '+63 000-000-0000', '', '2022-08-15', 1, 0),
(12, 'assets/icons/borrower-picture-placeholder.jpg', 'Julio', ' ', 'Macalino', 'NA', '+63 000-000-0000', '2022-08-01', 'NA', 'NA', 'NA', '+63 000-000-0000', '', '2022-08-15', 1, 0),
(13, 'assets/icons/borrower-picture-placeholder.jpg', 'Roselyn', ' ', 'Lapaz', 'NA', '+63 000-000-0000', '2022-08-01', 'NA', 'NA', 'NA', '+63 000-000-0000', '', '2022-08-15', 1, 0),
(14, 'assets/icons/borrower-picture-placeholder.jpg', 'Emelita', ' ', 'Abrenica', 'NA', '+63 000-000-0000', '2022-08-01', 'NA', 'NA', 'NA', '+63 000-000-0000', '', '2022-08-15', 1, 0),
(15, 'assets/icons/borrower-picture-placeholder.jpg', 'Yolanda', ' ', 'Reyes', 'NA', '+63 000-000-0000', '2022-08-01', 'NA', 'NA', 'NA', '+63 000-000-0000', '', '2022-08-15', 1, 0),
(16, 'assets/icons/borrower-picture-placeholder.jpg', 'Virginia', ' ', 'Laxamana', 'NA', '+63 000-000-0000', '2022-08-01', 'NA', 'NA', 'NA', '+63 000-000-0000', '', '2022-08-15', 1, 0),
(17, 'assets/icons/borrower-picture-placeholder.jpg', 'Lorren', ' ', 'Tungcab', 'NA', '+63 000-000-0000', '2022-08-01', 'NA', 'NA', 'NA', '+63 000-000-0000', '', '2022-08-15', 1, 0),
(18, 'assets/icons/borrower-picture-placeholder.jpg', 'Marissa', ' ', 'Rivera', 'NA', '+63 000-000-0000', '2022-08-01', 'NA', 'NA', 'NA', '+63 000-000-0000', '', '2022-08-15', 1, 0),
(19, 'assets/icons/borrower-picture-placeholder.jpg', 'Dan', ' ', 'Pablo', 'NA', '+63 000-000-0000', '2022-08-01', 'NA', 'NA', 'NA', '+63 000-000-0000', '', '2022-08-15', 1, 0),
(20, 'assets/icons/borrower-picture-placeholder.jpg', 'Gilla', ' ', 'Romero', 'NA', '+63 000-000-0000', '2022-08-01', 'NA', 'NA', 'NA', '+63 000-000-0000', '', '2022-08-15', 1, 0),
(21, 'assets/icons/borrower-picture-placeholder.jpg', 'Rowena', ' ', 'Ramos', 'NA', '+63 000-000-0000', '2022-08-01', 'NA', 'NA', 'NA', '+63 000-000-0000', '', '2022-08-15', 1, 0),
(22, 'assets/icons/borrower-picture-placeholder.jpg', 'Zenaida', ' ', 'Mirabel', 'NA', '+63 000-000-0000', '2022-08-01', 'NA', 'NA', 'NA', '+63 000-000-0000', '', '2022-08-15', 1, 0),
(23, 'assets/icons/borrower-picture-placeholder.jpg', 'Mariela', ' ', 'Santos', 'NA', '+63 000-000-0000', '2022-08-01', 'NA', 'NA', 'NA', '+63 000-000-0000', '', '2022-08-15', 1, 0),
(24, 'assets/icons/borrower-picture-placeholder.jpg', 'Mariela', ' ', 'Santos', 'NA', '+63 000-000-0000', '2022-08-01', 'NA', 'NA', 'NA', '+63 000-000-0000', '', '2022-08-15', 0, 1),
(25, 'assets/icons/borrower-picture-placeholder.jpg', 'TEST', 'TEST', 'TEST', 'TEST', '+63 123-123-1231', '2022-08-01', 'TEST', 'TEST', 'TEST', '+63 123-123-1231', '', '2022-08-15', 0, 1),
(26, 'assets/icons/borrower-picture-placeholder.jpg', 'TEST', 'TEST', 'TEST', 'TEST', '+63 123-123-1231', '2022-08-01', 'TEST', 'TEST', 'TEST', '+63 123-123-1231', '', '2022-08-15', 0, 1),
(27, 'assets/icons/borrower-picture-placeholder.jpg', 'TESTTWO', 'TESTTWO', 'TESTTWO', 'TESTTWO', '+63 999-999-9999', '2022-08-01', 'TESTTWO', 'TESTTWO', 'TESTTWO', '+63 999-999-9999', '', '2022-08-15', 0, 1),
(28, 'assets/icons/borrower-picture-placeholder.jpg', 'Maricel', ' ', 'Duncil', 'NA', '+63 000-000-0000', '2022-08-01', 'NA', 'NA', 'NA', '+63 000-000-0000', '', '2022-08-17', 1, 0),
(29, 'assets/icons/borrower-picture-placeholder.jpg', 'Merlyn', ' ', 'Yanga', 'NA', '+63 000-000-0000', '2022-08-01', 'NA', 'NA', 'NA', '+63 000-000-0000', '', '2022-08-17', 1, 0),
(30, 'assets/icons/borrower-picture-placeholder.jpg', 'Francia', ' ', 'Waji', 'NA', '+63 000-000-0000', '2022-08-01', 'NA', 'NA', 'NA', '+63 000-000-0000', '', '2022-08-17', 1, 0),
(31, 'assets/icons/borrower-picture-placeholder.jpg', 'Juniela Ann', ' ', 'Pineda', 'NA', '+63 000-000-0000', '2022-08-01', 'NA', 'NA', 'NA', '+63 000-000-0000', '', '2022-08-17', 0, 0),
(32, 'assets/icons/borrower-picture-placeholder.jpg', 'Trinidad', ' ', 'Sanchez', 'NA', '+63 000-000-0000', '2022-08-01', 'NA', 'NA', 'NA', '+63 000-000-0000', '', '2022-08-17', 1, 0),
(33, 'assets/icons/borrower-picture-placeholder.jpg', 'Irene', ' ', 'Silvestre', 'NA', '+63 000-000-0000', '2022-08-01', 'NA', 'NA', 'NA', '+63 000-000-0000', '', '2022-08-17', 1, 0),
(34, 'assets/icons/borrower-picture-placeholder.jpg', 'Normita', ' ', 'Ferrer', 'NA', '+63 000-000-0000', '2022-08-01', 'NA', 'NA', 'NA', '+63 000-000-0000', '', '2022-08-17', 1, 0),
(35, 'assets/icons/borrower-picture-placeholder.jpg', 'Desiree', ' ', 'Lising', 'NA', '+63 000-000-0000', '2022-08-01', 'NA', 'NA', 'NA', '+63 000-000-0000', '', '2022-08-17', 1, 0),
(36, 'assets/icons/borrower-picture-placeholder.jpg', 'LJTEST', 'LJTEST', 'LJTEST', 'LJTEST', '+63 444-444-4444', '2022-08-01', 'LJTEST', 'LJTEST', 'LJTEST', '+63 444-444-4444', '', '2022-08-19', 1, 0),
(37, 'assets/icons/borrower-picture-placeholder.jpg', 'LJTESTTWO', 'LJTESTTWO', 'LJTESTTWO', 'LJTESTTWO', '+63 222-222-2222', '2022-08-01', 'LJTESTTWO', 'LJTESTTWO', 'LJTESTTWO', '+63 222-222-2222', 'LJTESTTWO', '2022-08-23', 0, 0);

-- --------------------------------------------------------

--
-- Table structure for table `collectors`
--

CREATE TABLE `collectors` (
  `c_id` int(11) NOT NULL,
  `firstname` varchar(100) NOT NULL,
  `middlename` varchar(100) NOT NULL,
  `lastname` varchar(100) NOT NULL
) ENGINE=InnoDB DEFAULT CHARSET=utf8mb4;

--
-- Dumping data for table `collectors`
--

INSERT INTO `collectors` (`c_id`, `firstname`, `middlename`, `lastname`) VALUES
(1, 'King', 'Docena', 'Cruz'),
(2, 'Carl', '', 'Corpuz');

-- --------------------------------------------------------

--
-- Table structure for table `loans`
--

CREATE TABLE `loans` (
  `l_id` int(11) NOT NULL,
  `b_id` int(11) NOT NULL,
  `amount` float NOT NULL,
  `payable` float NOT NULL,
  `mode` varchar(50) NOT NULL,
  `term` varchar(50) NOT NULL,
  `interestrate` float NOT NULL,
  `amortization` float NOT NULL,
  `releasedate` date NOT NULL,
  `duedate` date NOT NULL,
  `c_id` int(11) NOT NULL,
  `activeloan` tinyint(1) NOT NULL,
  `status` varchar(50) NOT NULL
) ENGINE=InnoDB DEFAULT CHARSET=utf8mb4;

--
-- Dumping data for table `loans`
--

INSERT INTO `loans` (`l_id`, `b_id`, `amount`, `payable`, `mode`, `term`, `interestrate`, `amortization`, `releasedate`, `duedate`, `c_id`, `activeloan`, `status`) VALUES
(1, 1, 20000, 23554, 'Daily', '3 Months', 17.77, 342, '2022-07-01', '2022-10-01', 2, 0, 'Closed'),
(3, 5, 80000, 97408, 'Daily', '4 Months', 21.76, 1059, '2022-07-02', '2022-11-02', 1, 1, 'Active'),
(4, 6, 40000, 50300, 'Daily', '5 Months', 25.753, 438, '2022-07-02', '2022-12-02', 1, 1, 'Active'),
(5, 7, 20000, 23554, 'Daily', '3 Months', 17.77, 342, '2022-07-02', '2022-10-02', 2, 1, 'Active'),
(6, 8, 25000, 30440, 'Daily', '4 Months', 21.76, 331, '2022-07-05', '2022-11-05', 2, 1, 'Active'),
(7, 9, 45000, 54792, 'Daily', '4 Months', 21.76, 596, '2022-07-06', '2022-11-06', 1, 1, 'Active'),
(8, 10, 20000, 23554, 'Daily', '3 Months', 17.77, 342, '2022-07-08', '2022-10-08', 1, 1, 'Active'),
(9, 11, 15000, 17666, 'Daily', '3 Months', 17.773, 257, '2022-07-08', '2022-10-08', 1, 1, 'Active'),
(10, 12, 10000, 11777, 'Daily', '3 Months', 17.77, 171, '2022-07-08', '2022-10-08', 2, 1, 'Active'),
(11, 13, 15000, 18264, 'Daily', '4 Months', 21.76, 200, '2022-07-12', '2022-11-12', 2, 1, 'Active'),
(12, 14, 15000, 17666, 'Daily', '3 Months', 17.773, 257, '2022-07-12', '2022-10-12', 2, 1, 'Active'),
(13, 15, 15000, 17666, 'Daily', '3 Months', 17.773, 257, '2022-07-12', '2022-10-12', 1, 1, 'Active'),
(14, 16, 15000, 17666, 'Daily', '3 Months', 17.773, 257, '2022-07-12', '2022-10-12', 1, 1, 'Active'),
(15, 17, 20000, 23554, 'Daily', '3 Months', 17.77, 342, '2022-07-13', '2022-10-13', 1, 1, 'Active'),
(16, 18, 15000, 17666, 'Daily', '3 Months', 17.773, 257, '2022-07-13', '2022-10-13', 2, 1, 'Active'),
(17, 19, 20000, 23554, 'Daily', '3 Months', 17.77, 342, '2022-07-16', '2022-10-16', 1, 1, 'Active'),
(18, 20, 15000, 18264, 'Daily', '4 Months', 21.76, 200, '2022-07-16', '2022-11-16', 1, 1, 'Active'),
(19, 21, 15000, 18264, 'Daily', '4 Months', 21.76, 200, '2022-07-16', '2022-11-16', 1, 1, 'Active'),
(20, 22, 50000, 60880, 'Daily', '4 Months', 21.76, 662, '2022-07-16', '2022-11-16', 1, 1, 'Active'),
(21, 23, 10000, 11777, 'Daily', '3 Months', 17.77, 171, '2022-07-19', '2022-10-19', 2, 1, 'Active'),
(22, 28, 20000, 24352, 'Daily', '4 Months', 21.76, 270, '2022-07-19', '2022-11-19', 2, 1, 'Active'),
(23, 29, 20000, 24352, 'Daily', '4 Months', 21.76, 270, '2022-07-19', '2022-11-19', 1, 1, 'Active'),
(24, 30, 25000, 30440, 'Daily', '4 Months', 21.76, 331, '2022-07-19', '2022-11-19', 1, 1, 'Active'),
(25, 32, 15000, 17666, 'Daily', '3 Months', 17.773, 257, '2022-07-20', '2022-10-20', 2, 1, 'Active'),
(26, 33, 40000, 48704, 'Daily', '4 Months', 21.76, 530, '2022-07-20', '2022-11-20', 2, 1, 'Active'),
(27, 34, 15000, 17666, 'Daily', '3 Months', 17.773, 257, '2022-07-20', '2022-10-20', 2, 1, 'Active'),
(28, 35, 25000, 31438, 'Daily', '5 Months', 25.753, 274, '2022-07-20', '2022-12-20', 1, 1, 'Active'),
(29, 36, 30000, 37212, 'Weekly', '4 Months', 0, 2326, '2022-08-01', '2022-12-01', 2, 0, 'Closed'),
(30, 36, 30000, 36528, 'Daily', '4 Months', 21.76, 398, '2022-07-01', '2022-11-01', 1, 0, 'Closed'),
(31, 36, 10000, 12176, 'Daily', '4 Months', 21.76, 133, '2022-07-04', '2022-11-04', 1, 0, 'Closed'),
(32, 36, 15000, 17666, 'Daily', '3 Months', 17.773, 257, '2022-08-01', '2022-11-01', 1, 1, 'Active'),
(33, 37, 10000, 11777, 'Daily', '3 Months', 17.77, 171, '2022-08-01', '2022-11-01', 1, 0, 'Closed'),
(34, 37, 5000, 6188, 'Daily', '4 Months', 23.76, 68, '2022-08-01', '2022-12-01', 2, 0, 'Closed'),
(35, 37, 5000, 5749, 'Daily', '2 Months', 14.98, 125, '2022-08-02', '2022-10-02', 2, 0, 'Closed'),
(36, 37, 10000, 12974, 'Daily', '6 Months', 29.74, 95, '2022-08-01', '2023-02-01', 1, 0, 'Closed'),
(37, 37, 5000, 6188, 'Daily', '4 Months', 23.76, 68, '2022-08-01', '2022-12-01', 1, 0, 'Closed'),
(38, 37, 5000, 6188, 'Daily', '4 Months', 23.76, 68, '2022-08-02', '2022-12-02', 1, 0, 'Closed');

-- --------------------------------------------------------

--
-- Table structure for table `payments`
--

CREATE TABLE `payments` (
  `p_id` int(11) NOT NULL,
  `b_id` int(11) NOT NULL,
  `l_id` int(11) NOT NULL,
  `c_id` int(11) NOT NULL,
  `amount` float NOT NULL,
  `passamount` float NOT NULL,
  `type` varchar(50) NOT NULL,
  `date` date NOT NULL
) ENGINE=InnoDB DEFAULT CHARSET=utf8mb4;

--
-- Dumping data for table `payments`
--

INSERT INTO `payments` (`p_id`, `b_id`, `l_id`, `c_id`, `amount`, `passamount`, `type`, `date`) VALUES
(1, 1, 1, 2, 400, 0, 'Cash', '2022-07-02'),
(2, 1, 1, 2, 400, 0, 'Cash', '2022-07-04'),
(3, 1, 1, 2, 400, 0, 'Cash', '2022-07-05'),
(4, 1, 1, 2, 0, 342, 'Pass', '2022-07-06'),
(5, 1, 1, 2, 400, 0, 'Cash', '2022-07-07'),
(6, 1, 1, 2, 0, 342, 'Pass', '2022-07-08'),
(7, 1, 1, 2, 0, 342, 'Pass', '2022-07-09'),
(8, 1, 1, 2, 400, 0, 'Cash', '2022-07-11'),
(9, 1, 1, 2, 400, 0, 'Cash', '2022-07-12'),
(10, 1, 1, 2, 400, 0, 'Cash', '2022-07-13'),
(11, 1, 1, 2, 400, 0, 'Cash', '2022-07-14'),
(12, 1, 1, 2, 0, 342, 'Pass', '2022-07-15'),
(13, 1, 1, 2, 400, 0, 'Cash', '2022-07-16'),
(14, 1, 1, 2, 400, 0, 'Cash', '2022-07-18'),
(15, 1, 1, 2, 400, 0, 'Cash', '2022-07-19'),
(16, 1, 1, 2, 400, 0, 'Cash', '2022-07-20'),
(17, 1, 1, 2, 400, 0, 'Cash', '2022-07-21'),
(18, 1, 1, 2, 0, 342, 'Pass', '2022-07-22'),
(19, 1, 1, 2, 400, 0, 'Cash', '2022-07-23'),
(20, 1, 1, 2, 400, 0, 'Cash', '2022-07-25'),
(21, 1, 1, 2, 400, 0, 'Cash', '2022-07-26'),
(22, 1, 1, 2, 0, 342, 'Pass', '2022-07-27'),
(23, 1, 1, 2, 400, 0, 'Cash', '2022-07-28'),
(24, 1, 1, 2, 400, 0, 'Cash', '2022-07-29'),
(25, 1, 1, 2, 400, 0, 'Cash', '2022-07-30'),
(27, 5, 3, 1, 900, 0, 'Cash', '2022-07-04'),
(28, 5, 3, 1, 900, 0, 'Cash', '2022-07-05'),
(29, 5, 3, 1, 900, 0, 'Cash', '2022-07-06'),
(30, 5, 3, 1, 900, 0, 'Cash', '2022-07-07'),
(31, 5, 3, 1, 900, 0, 'Cash', '2022-07-08'),
(32, 5, 3, 1, 900, 0, 'Cash', '2022-07-09'),
(33, 5, 3, 1, 900, 0, 'Cash', '2022-07-11'),
(34, 5, 3, 1, 900, 0, 'Cash', '2022-07-12'),
(35, 5, 3, 1, 900, 0, 'Cash', '2022-07-13'),
(36, 5, 3, 1, 900, 0, 'Cash', '2022-07-14'),
(37, 5, 3, 1, 900, 0, 'Cash', '2022-07-15'),
(38, 5, 3, 1, 900, 0, 'Cash', '2022-07-16'),
(39, 5, 3, 1, 900, 0, 'Cash', '2022-07-18'),
(40, 5, 3, 1, 900, 0, 'Cash', '2022-07-19'),
(41, 5, 3, 1, 900, 0, 'Cash', '2022-07-20'),
(42, 5, 3, 1, 900, 0, 'Cash', '2022-07-21'),
(43, 5, 3, 1, 0, 1059, 'Pass', '2022-07-22'),
(44, 5, 3, 1, 900, 0, 'Cash', '2022-07-23'),
(45, 5, 3, 1, 900, 0, 'Cash', '2022-07-25'),
(46, 5, 3, 1, 900, 0, 'Cash', '2022-07-26'),
(47, 5, 3, 1, 900, 0, 'Cash', '2022-07-27'),
(48, 5, 3, 1, 900, 0, 'Cash', '2022-07-28'),
(49, 5, 3, 1, 900, 0, 'Cash', '2022-07-29'),
(50, 5, 3, 1, 900, 0, 'Cash', '2022-07-30'),
(51, 1, 1, 2, 0, 342, 'Pass', '2022-08-01'),
(52, 1, 1, 2, 400, 0, 'Cash', '2022-08-02'),
(53, 1, 1, 2, 400, 0, 'Cash', '2022-08-03'),
(54, 1, 1, 2, 400, 0, 'Cash', '2022-08-04'),
(55, 1, 1, 2, 500, 0, 'Cash', '2022-08-05'),
(56, 1, 1, 2, 500, 0, 'Cash', '2022-08-06'),
(57, 1, 1, 2, 500, 0, 'Cash', '2022-08-08'),
(58, 1, 1, 2, 500, 0, 'Cash', '2022-08-09'),
(59, 1, 1, 2, 500, 0, 'Cash', '2022-08-10'),
(60, 1, 1, 2, 500, 0, 'Cash', '2022-08-11'),
(61, 1, 1, 2, 500, 0, 'Cash', '2022-08-12'),
(62, 1, 1, 2, 1000, 0, 'Cash', '2022-08-13'),
(63, 5, 3, 1, 0, 1059, 'Pass', '2022-08-01'),
(64, 5, 3, 1, 900, 0, 'Cash', '2022-08-02'),
(65, 5, 3, 1, 900, 0, 'Cash', '2022-08-03'),
(66, 5, 3, 1, 900, 0, 'Cash', '2022-08-04'),
(67, 5, 3, 1, 900, 0, 'Cash', '2022-08-05'),
(68, 5, 3, 1, 900, 0, 'Cash', '2022-08-06'),
(69, 5, 3, 1, 0, 1059, 'Pass', '2022-08-08'),
(70, 5, 3, 1, 900, 0, 'Cash', '2022-08-09'),
(71, 5, 3, 1, 900, 0, 'Cash', '2022-08-10'),
(72, 5, 3, 1, 900, 0, 'Cash', '2022-08-11'),
(73, 5, 3, 1, 900, 0, 'Cash', '2022-08-12'),
(74, 5, 3, 1, 0, 1059, 'Pass', '2022-08-13'),
(75, 6, 4, 1, 2600, 0, 'Cash', '2022-07-09'),
(76, 6, 4, 1, 2600, 0, 'Cash', '2022-07-16'),
(77, 6, 4, 1, 2600, 0, 'Cash', '2022-07-23'),
(78, 6, 4, 1, 2600, 0, 'Cash', '2022-07-30'),
(79, 7, 5, 2, 0, 342, 'Pass', '2022-07-04'),
(80, 7, 5, 2, 400, 0, 'Cash', '2022-07-05'),
(81, 7, 5, 2, 400, 0, 'Cash', '2022-07-06'),
(82, 7, 5, 2, 0, 342, 'Pass', '2022-07-07'),
(83, 7, 5, 2, 400, 0, 'Cash', '2022-07-08'),
(84, 7, 5, 2, 400, 0, 'Cash', '2022-07-09'),
(85, 7, 5, 2, 400, 0, 'Cash', '2022-07-11'),
(86, 7, 5, 2, 400, 0, 'Cash', '2022-07-12'),
(87, 7, 5, 2, 400, 0, 'Cash', '2022-07-13'),
(88, 7, 5, 2, 0, 342, 'Pass', '2022-07-15'),
(89, 7, 5, 2, 0, 342, 'Pass', '2022-07-16'),
(90, 7, 5, 2, 400, 0, 'Cash', '2022-07-18'),
(91, 7, 5, 2, 400, 0, 'Cash', '2022-07-19'),
(92, 7, 5, 2, 400, 0, 'Cash', '2022-07-20'),
(93, 7, 5, 2, 0, 342, 'Pass', '2022-07-21'),
(94, 7, 5, 2, 400, 0, 'Cash', '2022-07-22'),
(95, 7, 5, 2, 400, 0, 'Cash', '2022-07-23'),
(96, 7, 5, 2, 400, 0, 'Cash', '2022-07-25'),
(97, 7, 5, 2, 0, 342, 'Pass', '2022-07-26'),
(98, 7, 5, 2, 400, 0, 'Cash', '2022-07-27'),
(99, 7, 5, 2, 400, 0, 'Cash', '2022-07-28'),
(100, 7, 5, 2, 400, 0, 'Cash', '2022-07-29'),
(101, 7, 5, 2, 400, 0, 'Cash', '2022-07-30'),
(102, 7, 5, 2, 400, 0, 'Cash', '2022-07-14'),
(103, 8, 6, 2, 0, 331, 'Pass', '2022-07-06'),
(104, 8, 6, 2, 1350, 0, 'Cash', '2022-07-07'),
(105, 8, 6, 2, 0, 331, 'Pass', '2022-07-08'),
(106, 8, 6, 2, 0, 331, 'Pass', '2022-07-09'),
(107, 8, 6, 2, 900, 0, 'Cash', '2022-07-11'),
(108, 8, 6, 2, 450, 0, 'Cash', '2022-07-12'),
(109, 8, 6, 2, 450, 0, 'Cash', '2022-07-13'),
(110, 8, 6, 2, 0, 331, 'Pass', '2022-07-14'),
(111, 8, 6, 2, 900, 0, 'Cash', '2022-07-15'),
(112, 8, 6, 2, 0, 331, 'Pass', '2022-07-16'),
(113, 8, 6, 2, 900, 0, 'Cash', '2022-07-18'),
(114, 8, 6, 2, 450, 0, 'Cash', '2022-07-19'),
(115, 8, 6, 2, 450, 0, 'Cash', '2022-07-20'),
(116, 8, 6, 2, 0, 331, 'Pass', '2022-07-21'),
(117, 8, 6, 2, 900, 0, 'Cash', '2022-07-22'),
(118, 8, 6, 2, 450, 0, 'Cash', '2022-07-23'),
(119, 8, 6, 2, 900, 0, 'Cash', '2022-07-25'),
(120, 8, 6, 2, 0, 0, 'Pass', '2022-07-26'),
(121, 8, 6, 2, 450, 0, 'Cash', '2022-07-27'),
(122, 8, 6, 2, 0, 331, 'Pass', '2022-07-28'),
(123, 8, 6, 2, 900, 0, 'Cash', '2022-07-29'),
(124, 8, 6, 2, 450, 0, 'Cash', '2022-07-30'),
(125, 9, 7, 1, 600, 0, 'Cash', '2022-07-07'),
(126, 9, 7, 1, 600, 0, 'Cash', '2022-07-08'),
(127, 9, 7, 1, 600, 0, 'Cash', '2022-07-09'),
(128, 9, 7, 1, 600, 0, 'Cash', '2022-07-11'),
(129, 9, 7, 1, 600, 0, 'Cash', '2022-07-12'),
(130, 9, 7, 1, 600, 0, 'Cash', '2022-07-13'),
(131, 9, 7, 1, 600, 0, 'Cash', '2022-07-14'),
(132, 9, 7, 1, 600, 0, 'Cash', '2022-07-15'),
(133, 9, 7, 1, 600, 0, 'Cash', '2022-07-16'),
(134, 9, 7, 1, 0, 596, 'Pass', '2022-07-18'),
(135, 9, 7, 1, 600, 0, 'Cash', '2022-07-19'),
(136, 9, 7, 1, 600, 0, 'Cash', '2022-07-20'),
(137, 9, 7, 1, 600, 0, 'Cash', '2022-07-21'),
(138, 9, 7, 1, 0, 596, 'Pass', '2022-07-22'),
(139, 9, 7, 1, 1200, 0, 'Cash', '2022-07-23'),
(140, 9, 7, 1, 600, 0, 'Cash', '2022-07-25'),
(141, 9, 7, 1, 600, 0, 'Cash', '2022-07-26'),
(142, 9, 7, 1, 600, 0, 'Cash', '2022-07-27'),
(143, 9, 7, 1, 600, 0, 'Cash', '2022-07-28'),
(144, 9, 7, 1, 600, 0, 'Cash', '2022-07-29'),
(145, 9, 7, 1, 600, 0, 'Cash', '2022-07-30'),
(146, 10, 8, 1, 400, 0, 'Cash', '2022-07-09'),
(147, 10, 8, 1, 400, 0, 'Cash', '2022-07-11'),
(148, 10, 8, 1, 400, 0, 'Cash', '2022-07-12'),
(149, 10, 8, 1, 400, 0, 'Cash', '2022-07-13'),
(150, 10, 8, 1, 400, 0, 'Cash', '2022-07-15'),
(151, 10, 8, 1, 0, 342, 'Pass', '2022-07-16'),
(152, 10, 8, 1, 400, 0, 'Cash', '2022-07-18'),
(153, 10, 8, 1, 0, 342, 'Pass', '2022-07-19'),
(154, 10, 8, 1, 400, 0, 'Cash', '2022-07-20'),
(155, 10, 8, 1, 0, 342, 'Pass', '2022-07-21'),
(156, 10, 8, 1, 400, 0, 'Cash', '2022-07-22'),
(157, 10, 8, 1, 0, 342, 'Pass', '2022-07-23'),
(158, 10, 8, 1, 0, 342, 'Pass', '2022-07-25'),
(159, 10, 8, 1, 0, 342, 'Pass', '2022-07-26'),
(160, 10, 8, 1, 0, 342, 'Pass', '2022-07-27'),
(161, 10, 8, 1, 0, 342, 'Pass', '2022-07-28'),
(162, 10, 8, 1, 0, 342, 'Pass', '2022-07-29'),
(163, 10, 8, 1, 0, 342, 'Pass', '2022-07-30'),
(164, 10, 8, 1, 400, 0, 'Cash', '2022-07-14'),
(165, 11, 9, 1, 270, 0, 'Cash', '2022-07-09'),
(166, 11, 9, 1, 0, 257, 'Pass', '2022-07-11'),
(167, 11, 9, 1, 600, 0, 'Cash', '2022-07-12'),
(168, 11, 9, 1, 300, 0, 'Cash', '2022-07-13'),
(169, 11, 9, 1, 300, 0, 'Cash', '2022-07-14'),
(170, 11, 9, 1, 300, 0, 'Cash', '2022-07-15'),
(171, 11, 9, 1, 300, 0, 'Cash', '2022-07-16'),
(172, 11, 9, 1, 300, 0, 'Cash', '2022-07-18'),
(173, 11, 9, 1, 400, 0, 'Cash', '2022-07-19'),
(174, 11, 9, 1, 300, 0, 'Cash', '2022-07-20'),
(175, 11, 9, 1, 300, 0, 'Cash', '2022-07-21'),
(176, 11, 9, 1, 300, 0, 'Cash', '2022-07-22'),
(177, 11, 9, 1, 520, 0, 'Cash', '2022-07-23'),
(178, 11, 9, 1, 0, 257, 'Pass', '2022-07-25'),
(179, 11, 9, 1, 270, 0, 'Cash', '2022-07-26'),
(180, 11, 9, 1, 170, 0, 'Cash', '2022-07-27'),
(181, 11, 9, 1, 0, 257, 'Pass', '2022-07-28'),
(182, 11, 9, 1, 260, 0, 'Cash', '2022-07-29'),
(183, 11, 9, 1, 520, 0, 'Cash', '2022-07-30'),
(184, 12, 10, 2, 180, 0, 'Cash', '2022-07-09'),
(185, 12, 10, 2, 180, 0, 'Cash', '2022-07-11'),
(186, 12, 10, 2, 180, 0, 'Cash', '2022-07-12'),
(187, 12, 10, 2, 180, 0, 'Cash', '2022-07-13'),
(188, 12, 10, 2, 180, 0, 'Cash', '2022-07-14'),
(189, 12, 10, 2, 180, 0, 'Cash', '2022-07-15'),
(190, 12, 10, 2, 180, 0, 'Cash', '2022-07-16'),
(191, 12, 10, 2, 180, 0, 'Cash', '2022-07-18'),
(192, 12, 10, 2, 180, 0, 'Cash', '2022-07-19'),
(193, 12, 10, 2, 180, 0, 'Cash', '2022-07-20'),
(194, 12, 10, 2, 180, 0, 'Cash', '2022-07-21'),
(195, 12, 10, 2, 180, 0, 'Cash', '2022-07-22'),
(196, 12, 10, 2, 180, 0, 'Cash', '2022-07-23'),
(197, 12, 10, 2, 180, 0, 'Cash', '2022-07-25'),
(198, 12, 10, 2, 180, 0, 'Cash', '2022-07-26'),
(199, 12, 10, 2, 180, 0, 'Cash', '2022-07-27'),
(200, 12, 10, 2, 0, 171, 'Pass', '2022-07-28'),
(201, 12, 10, 2, 180, 0, 'Cash', '2022-07-29'),
(202, 12, 10, 2, 180, 0, 'Cash', '2022-07-30'),
(203, 13, 11, 2, 500, 0, 'Cash', '2022-07-12'),
(204, 13, 11, 2, 0, 200, 'Pass', '2022-07-13'),
(205, 13, 11, 2, 250, 0, 'Cash', '2022-07-14'),
(206, 13, 11, 2, 250, 0, 'Cash', '2022-07-15'),
(207, 13, 11, 2, 0, 200, 'Pass', '2022-07-16'),
(208, 13, 11, 2, 250, 0, 'Cash', '2022-07-18'),
(209, 13, 11, 2, 250, 0, 'Cash', '2022-07-19'),
(210, 13, 11, 2, 0, 200, 'Pass', '2022-07-20'),
(211, 13, 11, 2, 500, 0, 'Cash', '2022-07-21'),
(212, 13, 11, 2, 0, 200, 'Pass', '2022-07-22'),
(213, 13, 11, 2, 0, 200, 'Pass', '2022-07-23'),
(214, 13, 11, 2, 250, 0, 'Cash', '2022-07-25'),
(215, 13, 11, 2, 150, 0, 'Cash', '2022-07-26'),
(216, 13, 11, 2, 0, 200, 'Pass', '2022-07-27'),
(217, 13, 11, 2, 0, 200, 'Pass', '2022-07-28'),
(218, 13, 11, 2, 250, 0, 'Cash', '2022-07-29'),
(219, 13, 11, 2, 250, 0, 'Cash', '2022-07-30'),
(220, 14, 12, 2, 260, 0, 'Cash', '2022-07-12'),
(221, 14, 12, 2, 260, 0, 'Cash', '2022-07-13'),
(222, 14, 12, 2, 260, 0, 'Cash', '2022-07-14'),
(223, 14, 12, 2, 260, 0, 'Cash', '2022-07-15'),
(224, 14, 12, 2, 260, 0, 'Cash', '2022-07-16'),
(225, 14, 12, 2, 260, 0, 'Cash', '2022-07-18'),
(226, 14, 12, 2, 260, 0, 'Cash', '2022-07-19'),
(227, 14, 12, 2, 260, 0, 'Cash', '2022-07-20'),
(228, 14, 12, 2, 260, 0, 'Cash', '2022-07-21'),
(229, 14, 12, 2, 260, 0, 'Cash', '2022-07-22'),
(230, 14, 12, 2, 260, 0, 'Cash', '2022-07-23'),
(231, 14, 12, 2, 260, 0, 'Cash', '2022-07-25'),
(232, 14, 12, 2, 260, 0, 'Cash', '2022-07-26'),
(233, 14, 12, 2, 260, 0, 'Cash', '2022-07-27'),
(234, 14, 12, 2, 260, 0, 'Cash', '2022-07-28'),
(235, 14, 12, 2, 260, 0, 'Cash', '2022-07-29'),
(236, 14, 12, 2, 260, 0, 'Cash', '2022-07-30'),
(237, 15, 13, 1, 800, 0, 'Cash', '2022-07-13'),
(238, 15, 13, 1, 0, 257, 'Pass', '2022-07-14'),
(239, 15, 13, 1, 0, 257, 'Pass', '2022-07-15'),
(240, 15, 13, 1, 0, 257, 'Pass', '2022-07-16'),
(241, 15, 13, 1, 200, 0, 'Cash', '2022-07-18'),
(242, 15, 13, 1, 200, 0, 'Cash', '2022-07-19'),
(243, 15, 13, 1, 200, 0, 'Cash', '2022-07-20'),
(244, 15, 13, 1, 200, 0, 'Cash', '2022-07-21'),
(245, 15, 13, 1, 200, 0, 'Cash', '2022-07-22'),
(246, 15, 13, 1, 200, 0, 'Cash', '2022-07-23'),
(247, 15, 13, 1, 200, 0, 'Cash', '2022-07-25'),
(248, 15, 13, 1, 200, 0, 'Cash', '2022-07-26'),
(249, 15, 13, 1, 200, 0, 'Cash', '2022-07-27'),
(250, 15, 13, 1, 200, 0, 'Cash', '2022-07-28'),
(251, 15, 13, 1, 200, 0, 'Cash', '2022-07-29'),
(252, 15, 13, 1, 200, 0, 'Cash', '2022-07-30'),
(253, 16, 14, 1, 800, 0, 'Cash', '2022-07-13'),
(254, 16, 14, 1, 0, 257, 'Pass', '2022-07-14'),
(255, 16, 14, 1, 0, 257, 'Pass', '2022-07-15'),
(256, 16, 14, 1, 0, 257, 'Pass', '2022-07-16'),
(257, 16, 14, 1, 200, 0, 'Cash', '2022-07-18'),
(258, 16, 14, 1, 200, 0, 'Cash', '2022-07-19'),
(259, 16, 14, 1, 200, 0, 'Cash', '2022-07-20'),
(260, 16, 14, 1, 200, 0, 'Cash', '2022-07-21'),
(261, 16, 14, 1, 200, 0, 'Cash', '2022-07-22'),
(262, 16, 14, 1, 200, 0, 'Cash', '2022-07-23'),
(263, 16, 14, 1, 200, 0, 'Cash', '2022-07-25'),
(264, 16, 14, 1, 200, 0, 'Cash', '2022-07-26'),
(265, 16, 14, 1, 200, 0, 'Cash', '2022-07-27'),
(266, 16, 14, 1, 200, 0, 'Cash', '2022-07-28'),
(267, 16, 14, 1, 200, 0, 'Cash', '2022-07-29'),
(268, 16, 14, 1, 200, 0, 'Cash', '2022-07-30'),
(269, 17, 15, 1, 350, 0, 'Cash', '2022-07-14'),
(270, 17, 15, 1, 350, 0, 'Cash', '2022-07-15'),
(271, 17, 15, 1, 350, 0, 'Cash', '2022-07-16'),
(272, 17, 15, 1, 350, 0, 'Cash', '2022-07-18'),
(273, 17, 15, 1, 350, 0, 'Cash', '2022-07-19'),
(274, 17, 15, 1, 350, 0, 'Cash', '2022-07-20'),
(275, 17, 15, 1, 350, 0, 'Cash', '2022-07-21'),
(276, 17, 15, 1, 350, 0, 'Cash', '2022-07-22'),
(277, 17, 15, 1, 350, 0, 'Cash', '2022-07-23'),
(278, 17, 15, 1, 350, 0, 'Cash', '2022-07-25'),
(279, 17, 15, 1, 350, 0, 'Cash', '2022-07-26'),
(280, 17, 15, 1, 350, 0, 'Cash', '2022-07-27'),
(281, 17, 15, 1, 350, 0, 'Cash', '2022-07-28'),
(282, 17, 15, 1, 350, 0, 'Cash', '2022-07-29'),
(283, 17, 15, 1, 350, 0, 'Cash', '2022-07-30'),
(284, 18, 16, 2, 300, 0, 'Cash', '2022-07-14'),
(285, 18, 16, 2, 300, 0, 'Cash', '2022-07-15'),
(286, 18, 16, 2, 300, 0, 'Cash', '2022-07-16'),
(287, 18, 16, 2, 300, 0, 'Cash', '2022-07-18'),
(288, 18, 16, 2, 300, 0, 'Cash', '2022-07-19'),
(289, 18, 16, 2, 300, 0, 'Cash', '2022-07-20'),
(290, 18, 16, 2, 300, 0, 'Cash', '2022-07-21'),
(291, 18, 16, 2, 300, 0, 'Cash', '2022-07-22'),
(292, 18, 16, 2, 300, 0, 'Cash', '2022-07-23'),
(293, 18, 16, 2, 300, 0, 'Cash', '2022-07-25'),
(294, 18, 16, 2, 300, 0, 'Cash', '2022-07-26'),
(295, 18, 16, 2, 300, 0, 'Cash', '2022-07-27'),
(296, 18, 16, 2, 300, 0, 'Cash', '2022-07-28'),
(297, 18, 16, 2, 300, 0, 'Cash', '2022-07-29'),
(298, 18, 16, 2, 300, 0, 'Cash', '2022-07-30'),
(299, 19, 17, 1, 350, 0, 'Cash', '2022-07-18'),
(300, 19, 17, 1, 350, 0, 'Cash', '2022-07-19'),
(301, 19, 17, 1, 350, 0, 'Cash', '2022-07-20'),
(302, 19, 17, 1, 0, 342, 'Pass', '2022-07-21'),
(303, 19, 17, 1, 700, 0, 'Cash', '2022-07-22'),
(304, 19, 17, 1, 350, 0, 'Cash', '2022-07-23'),
(305, 19, 17, 1, 0, 342, 'Pass', '2022-07-25'),
(306, 19, 17, 1, 350, 0, 'Cash', '2022-07-26'),
(307, 19, 17, 1, 700, 0, 'Cash', '2022-07-27'),
(308, 19, 17, 1, 0, 342, 'Pass', '2022-07-28'),
(309, 19, 17, 1, 700, 0, 'Cash', '2022-07-29'),
(310, 19, 17, 1, 350, 0, 'Cash', '2022-07-30'),
(311, 20, 18, 1, 200, 0, 'Cash', '2022-07-18'),
(312, 20, 18, 1, 200, 0, 'Cash', '2022-07-19'),
(313, 20, 18, 1, 200, 0, 'Cash', '2022-07-20'),
(314, 20, 18, 1, 200, 0, 'Cash', '2022-07-21'),
(315, 20, 18, 1, 200, 0, 'Cash', '2022-07-22'),
(316, 20, 18, 1, 200, 0, 'Cash', '2022-07-23'),
(317, 20, 18, 1, 200, 0, 'Cash', '2022-07-25'),
(318, 20, 18, 1, 200, 0, 'Cash', '2022-07-26'),
(319, 20, 18, 1, 200, 0, 'Cash', '2022-07-27'),
(320, 20, 18, 1, 200, 0, 'Cash', '2022-07-28'),
(322, 20, 18, 1, 200, 0, 'Cash', '2022-07-29'),
(323, 20, 18, 1, 200, 0, 'Cash', '2022-07-30'),
(324, 21, 19, 1, 200, 0, 'Cash', '2022-07-18'),
(325, 21, 19, 1, 200, 0, 'Cash', '2022-07-19'),
(326, 21, 19, 1, 200, 0, 'Cash', '2022-07-20'),
(327, 21, 19, 1, 200, 0, 'Cash', '2022-07-21'),
(328, 21, 19, 1, 200, 0, 'Cash', '2022-07-22'),
(329, 21, 19, 1, 200, 0, 'Cash', '2022-07-23'),
(330, 21, 19, 1, 200, 0, 'Cash', '2022-07-25'),
(331, 21, 19, 1, 0, 200, 'Pass', '2022-07-26'),
(332, 21, 19, 1, 0, 200, 'Pass', '2022-07-27'),
(333, 21, 19, 1, 0, 200, 'Pass', '2022-07-28'),
(334, 21, 19, 1, 0, 200, 'Pass', '2022-07-29'),
(335, 21, 19, 1, 200, 0, 'Cash', '2022-07-30'),
(336, 22, 20, 1, 700, 0, 'Cash', '2022-07-18'),
(337, 22, 20, 1, 700, 0, 'Cash', '2022-07-19'),
(338, 22, 20, 1, 700, 0, 'Cash', '2022-07-20'),
(339, 22, 20, 1, 700, 0, 'Cash', '2022-07-21'),
(340, 22, 20, 1, 700, 0, 'Cash', '2022-07-22'),
(341, 22, 20, 1, 700, 0, 'Cash', '2022-07-23'),
(342, 22, 20, 1, 0, 662, 'Pass', '2022-07-25'),
(343, 22, 20, 1, 0, 662, 'Pass', '2022-07-26'),
(344, 22, 20, 1, 1000, 0, 'Cash', '2022-07-27'),
(345, 22, 20, 1, 700, 0, 'Cash', '2022-07-28'),
(346, 22, 20, 1, 700, 0, 'Cash', '2022-07-29'),
(347, 22, 20, 1, 0, 662, 'Pass', '2022-07-30'),
(348, 23, 21, 2, 300, 0, 'Cash', '2022-07-20'),
(349, 23, 21, 2, 300, 0, 'Cash', '2022-07-21'),
(350, 23, 21, 2, 200, 0, 'Cash', '2022-07-22'),
(351, 23, 21, 2, 200, 0, 'Cash', '2022-07-23'),
(352, 23, 21, 2, 250, 0, 'Cash', '2022-07-25'),
(353, 23, 21, 2, 200, 0, 'Cash', '2022-07-26'),
(354, 23, 21, 2, 0, 171, 'Pass', '2022-07-27'),
(355, 23, 21, 2, 200, 0, 'Cash', '2022-07-28'),
(356, 23, 21, 2, 200, 0, 'Cash', '2022-07-29'),
(357, 23, 21, 2, 0, 171, 'Pass', '2022-07-30'),
(371, 1, 1, 2, 1000, 0, 'Cash', '2022-08-15'),
(372, 5, 3, 1, 900, 0, 'Cash', '2022-08-15'),
(373, 6, 4, 1, 2600, 0, 'Cash', '2022-08-06'),
(374, 6, 4, 1, 2600, 0, 'Cash', '2022-08-13'),
(375, 7, 5, 2, 0, 342, 'Pass', '2022-08-01'),
(376, 7, 5, 2, 400, 0, 'Cash', '2022-08-02'),
(377, 7, 5, 2, 400, 0, 'Cash', '2022-08-03'),
(378, 7, 5, 2, 400, 0, 'Cash', '2022-08-04'),
(379, 7, 5, 2, 0, 342, 'Pass', '2022-08-05'),
(380, 7, 5, 2, 600, 0, 'Cash', '2022-08-06'),
(381, 7, 5, 2, 400, 0, 'Cash', '2022-08-08'),
(382, 7, 5, 2, 400, 0, 'Cash', '2022-08-09'),
(383, 7, 5, 2, 0, 342, 'Pass', '2022-08-10'),
(384, 7, 5, 2, 400, 0, 'Cash', '2022-08-11'),
(385, 7, 5, 2, 0, 342, 'Pass', '2022-08-12'),
(386, 7, 5, 2, 400, 0, 'Cash', '2022-08-13'),
(387, 7, 5, 2, 400, 0, 'Cash', '2022-08-15'),
(388, 8, 6, 2, 450, 0, 'Cash', '2022-08-01'),
(389, 8, 6, 2, 450, 0, 'Cash', '2022-08-02'),
(390, 8, 6, 2, 450, 0, 'GCash', '2022-08-03'),
(391, 8, 6, 2, 450, 0, 'GCash', '2022-08-04'),
(392, 8, 6, 2, 450, 0, 'GCash', '2022-08-05'),
(393, 8, 6, 2, 0, 331, 'Pass', '2022-08-06'),
(394, 8, 6, 2, 450, 0, 'GCash', '2022-08-08'),
(395, 8, 6, 2, 1350, 0, 'Cash', '2022-08-09'),
(396, 8, 6, 2, 0, 331, 'Pass', '2022-08-10'),
(397, 8, 6, 2, 450, 0, 'GCash', '2022-08-11'),
(398, 8, 6, 2, 450, 0, 'GCash', '2022-08-12'),
(399, 8, 6, 2, 450, 0, 'GCash', '2022-08-13'),
(400, 8, 6, 2, 900, 0, 'GCash', '2022-08-15'),
(401, 9, 7, 1, 600, 0, 'Cash', '2022-08-01'),
(402, 9, 7, 1, 600, 0, 'Cash', '2022-08-02'),
(403, 9, 7, 1, 0, 596, 'Pass', '2022-08-03'),
(404, 9, 7, 1, 600, 0, 'Cash', '2022-08-04'),
(405, 9, 7, 1, 600, 0, 'Cash', '2022-08-05'),
(406, 9, 7, 1, 600, 0, 'Cash', '2022-08-06'),
(407, 9, 7, 1, 600, 0, 'Cash', '2022-08-08'),
(408, 9, 7, 1, 600, 0, 'Cash', '2022-08-09'),
(409, 9, 7, 1, 0, 596, 'Pass', '2022-08-10'),
(410, 9, 7, 1, 600, 0, 'Cash', '2022-08-11'),
(411, 9, 7, 1, 600, 0, 'Cash', '2022-08-12'),
(412, 9, 7, 1, 600, 0, 'Cash', '2022-08-13'),
(413, 9, 7, 1, 600, 0, 'Cash', '2022-08-15'),
(414, 10, 8, 1, 0, 342, 'Pass', '2022-08-01'),
(415, 10, 8, 1, 0, 342, 'Pass', '2022-08-02'),
(416, 10, 8, 1, 0, 342, 'Pass', '2022-08-03'),
(417, 10, 8, 1, 0, 342, 'Pass', '2022-08-04'),
(418, 10, 8, 1, 0, 342, 'Pass', '2022-08-05'),
(419, 10, 8, 1, 0, 342, 'Pass', '2022-08-06'),
(420, 10, 8, 1, 1000, 0, 'Cash', '2022-08-08'),
(421, 10, 8, 1, 0, 342, 'Pass', '2022-08-09'),
(422, 10, 8, 1, 0, 342, 'Pass', '2022-08-10'),
(423, 10, 8, 1, 0, 342, 'Pass', '2022-08-11'),
(424, 10, 8, 1, 0, 342, 'Pass', '2022-08-12'),
(425, 10, 8, 1, 0, 342, 'Pass', '2022-08-13'),
(426, 10, 8, 1, 0, 342, 'Pass', '2022-08-15'),
(427, 11, 9, 1, 0, 257, 'Pass', '2022-08-01'),
(428, 11, 9, 1, 520, 0, 'Cash', '2022-08-02'),
(429, 11, 9, 1, 0, 257, 'Pass', '2022-08-03'),
(430, 11, 9, 1, 260, 0, 'Cash', '2022-08-04'),
(431, 11, 9, 1, 0, 257, 'Pass', '2022-08-05'),
(432, 11, 9, 1, 260, 0, 'Cash', '2022-08-06'),
(433, 11, 9, 1, 520, 0, 'Cash', '2022-08-08'),
(434, 11, 9, 1, 0, 257, 'Pass', '2022-08-09'),
(435, 11, 9, 1, 260, 0, 'Cash', '2022-08-10'),
(436, 11, 9, 1, 260, 0, 'Cash', '2022-08-11'),
(437, 11, 9, 1, 260, 0, 'Cash', '2022-08-12'),
(438, 11, 9, 1, 520, 0, 'Cash', '2022-08-13'),
(439, 11, 9, 1, 0, 257, 'Pass', '2022-08-15'),
(440, 12, 10, 2, 180, 0, 'Cash', '2022-08-01'),
(441, 12, 10, 2, 180, 0, 'Cash', '2022-08-02'),
(442, 12, 10, 2, 180, 0, 'Cash', '2022-08-03'),
(443, 12, 10, 2, 0, 171, 'Pass', '2022-08-04'),
(444, 12, 10, 2, 180, 0, 'Cash', '2022-08-05'),
(445, 12, 10, 2, 0, 171, 'Pass', '2022-08-06'),
(446, 12, 10, 2, 180, 0, 'Cash', '2022-08-08'),
(447, 12, 10, 2, 180, 0, 'Cash', '2022-08-09'),
(448, 12, 10, 2, 180, 0, 'Cash', '2022-08-10'),
(449, 12, 10, 2, 180, 0, 'Cash', '2022-08-11'),
(450, 12, 10, 2, 180, 0, 'Cash', '2022-08-12'),
(451, 12, 10, 2, 180, 0, 'Cash', '2022-08-13'),
(452, 12, 10, 2, 180, 0, 'Cash', '2022-08-15'),
(453, 13, 11, 2, 0, 200, 'Pass', '2022-08-01'),
(454, 13, 11, 2, 250, 0, 'Cash', '2022-08-02'),
(455, 13, 11, 2, 250, 0, 'GCash', '2022-08-03'),
(456, 13, 11, 2, 0, 200, 'Pass', '2022-08-04'),
(457, 13, 11, 2, 200, 0, 'GCash', '2022-08-05'),
(458, 13, 11, 2, 0, 200, 'Pass', '2022-08-06'),
(459, 13, 11, 2, 0, 200, 'Pass', '2022-08-08'),
(460, 13, 11, 2, 0, 200, 'Pass', '2022-08-09'),
(461, 13, 11, 2, 0, 200, 'Pass', '2022-08-10'),
(462, 13, 11, 2, 0, 200, 'Pass', '2022-08-11'),
(463, 13, 11, 2, 0, 200, 'Pass', '2022-08-12'),
(464, 13, 11, 2, 250, 0, 'Cash', '2022-08-13'),
(465, 13, 11, 2, 0, 200, 'Pass', '2022-08-15'),
(466, 14, 12, 2, 260, 0, 'Cash', '2022-08-01'),
(467, 14, 12, 2, 260, 0, 'Cash', '2022-08-02'),
(468, 14, 12, 2, 260, 0, 'Cash', '2022-08-03'),
(469, 14, 12, 2, 260, 0, 'Cash', '2022-08-04'),
(470, 14, 12, 2, 260, 0, 'Cash', '2022-08-05'),
(471, 14, 12, 2, 260, 0, 'Cash', '2022-08-06'),
(472, 14, 12, 2, 260, 0, 'Cash', '2022-08-08'),
(473, 14, 12, 2, 260, 0, 'Cash', '2022-08-09'),
(474, 14, 12, 2, 260, 0, 'Cash', '2022-08-10'),
(475, 14, 12, 2, 260, 0, 'Cash', '2022-08-11'),
(476, 14, 12, 2, 260, 0, 'Cash', '2022-08-12'),
(477, 14, 12, 2, 260, 0, 'Cash', '2022-08-13'),
(478, 14, 12, 2, 260, 0, 'Cash', '2022-08-15'),
(479, 15, 13, 1, 200, 0, 'Cash', '2022-08-01'),
(480, 15, 13, 1, 200, 0, 'Cash', '2022-08-02'),
(481, 15, 13, 1, 200, 0, 'Cash', '2022-08-03'),
(482, 15, 13, 1, 0, 257, 'Pass', '2022-08-04'),
(483, 15, 13, 1, 400, 0, 'Cash', '2022-08-05'),
(484, 15, 13, 1, 200, 0, 'Cash', '2022-08-06'),
(485, 15, 13, 1, 200, 0, 'Cash', '2022-08-08'),
(486, 15, 13, 1, 200, 0, 'Cash', '2022-08-09'),
(487, 15, 13, 1, 200, 0, 'Cash', '2022-08-10'),
(488, 15, 13, 1, 200, 0, 'Cash', '2022-08-11'),
(489, 15, 13, 1, 1000, 0, 'Cash', '2022-08-12'),
(490, 15, 13, 1, 400, 0, 'Cash', '2022-08-13'),
(491, 15, 13, 1, 200, 0, 'Cash', '2022-08-15'),
(492, 16, 14, 1, 200, 0, 'Cash', '2022-08-01'),
(493, 16, 14, 1, 200, 0, 'Cash', '2022-08-02'),
(494, 16, 14, 1, 200, 0, 'Cash', '2022-08-03'),
(495, 16, 14, 1, 0, 257, 'Pass', '2022-08-04'),
(496, 16, 14, 1, 400, 0, 'Cash', '2022-08-05'),
(497, 16, 14, 1, 200, 0, 'Cash', '2022-08-06'),
(498, 16, 14, 1, 200, 0, 'Cash', '2022-08-08'),
(499, 16, 14, 1, 200, 0, 'Cash', '2022-08-09'),
(500, 16, 14, 1, 200, 0, 'Cash', '2022-08-10'),
(501, 16, 14, 1, 200, 0, 'Cash', '2022-08-11'),
(502, 16, 14, 1, 0, 257, 'Pass', '2022-08-12'),
(503, 16, 14, 1, 400, 0, 'Cash', '2022-08-13'),
(504, 16, 14, 1, 200, 0, 'Cash', '2022-08-15'),
(505, 17, 15, 1, 350, 0, 'Cash', '2022-08-01'),
(506, 17, 15, 1, 350, 0, 'Cash', '2022-08-02'),
(507, 17, 15, 1, 350, 0, 'Cash', '2022-08-03'),
(508, 17, 15, 1, 0, 342, 'Pass', '2022-08-04'),
(509, 17, 15, 1, 0, 342, 'Pass', '2022-08-05'),
(510, 17, 15, 1, 0, 342, 'Pass', '2022-08-06'),
(511, 17, 15, 1, 1050, 0, 'Cash', '2022-08-08'),
(512, 17, 15, 1, 350, 0, 'Cash', '2022-08-09'),
(513, 17, 15, 1, 0, 342, 'Pass', '2022-08-10'),
(514, 17, 15, 1, 0, 342, 'Pass', '2022-08-11'),
(515, 17, 15, 1, 700, 0, 'Cash', '2022-08-12'),
(516, 17, 15, 1, 350, 0, 'Cash', '2022-08-13'),
(517, 17, 15, 1, 0, 342, 'Pass', '2022-08-15'),
(518, 18, 16, 2, 300, 0, 'Cash', '2022-08-01'),
(519, 18, 16, 2, 300, 0, 'Cash', '2022-08-02'),
(520, 18, 16, 2, 300, 0, 'Cash', '2022-08-03'),
(521, 18, 16, 2, 300, 0, 'Cash', '2022-08-04'),
(522, 18, 16, 2, 300, 0, 'Cash', '2022-08-05'),
(523, 18, 16, 2, 300, 0, 'Cash', '2022-08-06'),
(524, 18, 16, 2, 300, 0, 'Cash', '2022-08-08'),
(525, 18, 16, 2, 300, 0, 'Cash', '2022-08-09'),
(526, 18, 16, 2, 300, 0, 'Cash', '2022-08-10'),
(527, 18, 16, 2, 300, 0, 'Cash', '2022-08-11'),
(528, 18, 16, 2, 300, 0, 'Cash', '2022-08-12'),
(529, 18, 16, 2, 300, 0, 'Cash', '2022-08-13'),
(530, 18, 16, 2, 300, 0, 'Cash', '2022-08-15'),
(531, 19, 17, 1, 0, 342, 'Pass', '2022-08-01'),
(532, 19, 17, 1, 700, 0, 'Cash', '2022-08-02'),
(533, 19, 17, 1, 350, 0, 'GCash', '2022-08-03'),
(534, 19, 17, 1, 350, 0, 'GCash', '2022-08-04'),
(535, 19, 17, 1, 350, 0, 'GCash', '2022-08-05'),
(536, 19, 17, 1, 350, 0, 'GCash', '2022-08-06'),
(537, 19, 17, 1, 350, 0, 'GCash', '2022-08-08'),
(538, 19, 17, 1, 350, 0, 'Cash', '2022-08-09'),
(539, 19, 17, 1, 350, 0, 'Cash', '2022-08-10'),
(540, 19, 17, 1, 350, 0, 'GCash', '2022-08-11'),
(541, 19, 17, 1, 350, 0, 'GCash', '2022-08-12'),
(542, 19, 17, 1, 350, 0, 'GCash', '2022-08-13'),
(543, 19, 17, 1, 350, 0, 'GCash', '2022-08-15'),
(544, 20, 18, 1, 200, 0, 'Cash', '2022-08-01'),
(545, 20, 18, 1, 200, 0, 'Cash', '2022-08-02'),
(546, 20, 18, 1, 300, 0, 'Cash', '2022-08-03'),
(547, 20, 18, 1, 200, 0, 'Cash', '2022-08-04'),
(548, 20, 18, 1, 400, 0, 'Cash', '2022-08-05'),
(549, 20, 18, 1, 0, 200, 'Pass', '2022-08-06'),
(550, 20, 18, 1, 200, 0, 'Cash', '2022-08-08'),
(551, 20, 18, 1, 200, 0, 'Cash', '2022-08-09'),
(552, 20, 18, 1, 200, 0, 'Cash', '2022-08-10'),
(553, 20, 18, 1, 200, 0, 'Cash', '2022-08-11'),
(554, 20, 18, 1, 400, 0, 'Cash', '2022-08-12'),
(555, 20, 18, 1, 0, 200, 'Pass', '2022-08-13'),
(556, 20, 18, 1, 200, 0, 'Cash', '2022-08-15'),
(557, 21, 19, 1, 200, 0, 'Cash', '2022-08-01'),
(558, 21, 19, 1, 200, 0, 'Cash', '2022-08-02'),
(559, 21, 19, 1, 0, 200, 'Pass', '2022-08-03'),
(560, 21, 19, 1, 0, 200, 'Pass', '2022-08-04'),
(561, 21, 19, 1, 0, 200, 'Pass', '2022-08-05'),
(562, 21, 19, 1, 0, 200, 'Pass', '2022-08-06'),
(563, 21, 19, 1, 0, 200, 'Pass', '2022-08-08'),
(564, 21, 19, 1, 200, 0, 'Cash', '2022-08-09'),
(565, 21, 19, 1, 0, 200, 'Pass', '2022-08-10'),
(566, 21, 19, 1, 0, 200, 'Pass', '2022-08-11'),
(567, 21, 19, 1, 200, 0, 'Cash', '2022-08-12'),
(568, 21, 19, 1, 0, 200, 'Pass', '2022-08-13'),
(569, 21, 19, 1, 0, 200, 'Pass', '2022-08-15'),
(570, 22, 20, 1, 0, 662, 'Pass', '2022-08-01'),
(571, 22, 20, 1, 800, 0, 'Cash', '2022-08-02'),
(572, 22, 20, 1, 800, 0, 'Cash', '2022-08-03'),
(573, 22, 20, 1, 0, 662, 'Pass', '2022-08-04'),
(574, 22, 20, 1, 1000, 0, 'Cash', '2022-08-05'),
(575, 22, 20, 1, 700, 0, 'Cash', '2022-08-06'),
(576, 22, 20, 1, 600, 0, 'Cash', '2022-08-08'),
(577, 22, 20, 1, 600, 0, 'Cash', '2022-08-09'),
(578, 22, 20, 1, 600, 0, 'Cash', '2022-08-10'),
(579, 22, 20, 1, 600, 0, 'Cash', '2022-08-11'),
(580, 22, 20, 1, 600, 0, 'Cash', '2022-08-12'),
(581, 22, 20, 1, 600, 0, 'Cash', '2022-08-13'),
(582, 22, 20, 1, 700, 0, 'Cash', '2022-08-15'),
(583, 23, 21, 2, 200, 0, 'Cash', '2022-08-01'),
(584, 23, 21, 2, 200, 0, 'Cash', '2022-08-02'),
(585, 23, 21, 2, 0, 171, 'Pass', '2022-08-03'),
(586, 23, 21, 2, 200, 0, 'Cash', '2022-08-04'),
(587, 23, 21, 2, 200, 0, 'Cash', '2022-08-05'),
(588, 23, 21, 2, 0, 171, 'Pass', '2022-08-06'),
(589, 23, 21, 2, 200, 0, 'Cash', '2022-08-08'),
(590, 23, 21, 2, 200, 0, 'Cash', '2022-08-09'),
(591, 23, 21, 2, 200, 0, 'Cash', '2022-08-10'),
(592, 23, 21, 2, 200, 0, 'Cash', '2022-08-11'),
(593, 23, 21, 2, 0, 171, 'Pass', '2022-08-12'),
(594, 23, 21, 2, 0, 171, 'Pass', '2022-08-13'),
(595, 23, 21, 2, 200, 0, 'Cash', '2022-08-15'),
(596, 1, 1, 2, 9254, 0, 'Cash', '2022-08-16'),
(597, 5, 3, 1, 900, 0, 'Cash', '2022-08-16'),
(598, 7, 5, 2, 400, 0, 'Cash', '2022-08-16'),
(599, 8, 6, 2, 0, 331, 'Pass', '2022-08-16'),
(600, 9, 7, 1, 0, 596, 'Pass', '2022-08-16'),
(601, 10, 8, 1, 1000, 0, 'Cash', '2022-08-16'),
(602, 11, 9, 1, 260, 0, 'Cash', '2022-08-16'),
(603, 12, 10, 2, 180, 0, 'Cash', '2022-08-16'),
(604, 13, 11, 2, 0, 200, 'Pass', '2022-08-16'),
(605, 14, 12, 2, 260, 0, 'Cash', '2022-08-16'),
(606, 15, 13, 1, 0, 257, 'Pass', '2022-08-16'),
(607, 16, 14, 1, 0, 257, 'Pass', '2022-08-16'),
(608, 17, 15, 1, 350, 0, 'Cash', '2022-08-16'),
(609, 18, 16, 2, 300, 0, 'Cash', '2022-08-16'),
(610, 19, 17, 1, 350, 0, 'Cash', '2022-08-16'),
(611, 20, 18, 1, 200, 0, 'Cash', '2022-08-16'),
(612, 21, 19, 1, 200, 0, 'Cash', '2022-08-16'),
(613, 22, 20, 1, 700, 0, 'Cash', '2022-08-16'),
(614, 23, 21, 2, 700, 0, 'Cash', '2022-08-16'),
(615, 28, 22, 2, 300, 0, 'Cash', '2022-07-20'),
(616, 28, 22, 2, 300, 0, 'Cash', '2022-07-21'),
(617, 28, 22, 2, 0, 270, 'Pass', '2022-07-22'),
(618, 28, 22, 2, 0, 270, 'Pass', '2022-07-23'),
(619, 28, 22, 2, 600, 0, 'Cash', '2022-07-25'),
(620, 28, 22, 2, 300, 0, 'Cash', '2022-07-26'),
(621, 28, 22, 2, 300, 0, 'Cash', '2022-07-27'),
(622, 28, 22, 2, 300, 0, 'Cash', '2022-07-28'),
(623, 28, 22, 2, 300, 0, 'Cash', '2022-07-29'),
(624, 28, 22, 2, 300, 0, 'Cash', '2022-07-30'),
(625, 28, 22, 2, 300, 0, 'Cash', '2022-08-01'),
(626, 28, 22, 2, 300, 0, 'Cash', '2022-08-02'),
(627, 28, 22, 2, 300, 0, 'Cash', '2022-08-03'),
(628, 28, 22, 2, 300, 0, 'Cash', '2022-08-04'),
(629, 28, 22, 2, 300, 0, 'GCash', '2022-08-05'),
(630, 28, 22, 2, 300, 0, 'GCash', '2022-08-06'),
(631, 28, 22, 2, 300, 0, 'Cash', '2022-08-08'),
(632, 28, 22, 2, 0, 270, 'Pass', '2022-08-09'),
(633, 28, 22, 2, 300, 0, 'Cash', '2022-08-10'),
(634, 28, 22, 2, 300, 0, 'Cash', '2022-08-11'),
(635, 28, 22, 2, 300, 0, 'Cash', '2022-08-12'),
(636, 28, 22, 2, 300, 0, 'Cash', '2022-08-13'),
(637, 28, 22, 2, 300, 0, 'Cash', '2022-08-15'),
(638, 28, 22, 2, 300, 0, 'Cash', '2022-08-16'),
(639, 29, 23, 1, 1600, 0, 'Cash', '2022-07-19'),
(640, 29, 23, 1, 0, 270, 'Pass', '2022-07-20'),
(641, 29, 23, 1, 0, 270, 'Pass', '2022-07-21'),
(642, 29, 23, 1, 0, 270, 'Pass', '2022-07-22'),
(643, 29, 23, 1, 0, 270, 'Pass', '2022-07-23'),
(644, 29, 23, 1, 0, 270, 'Pass', '2022-07-25'),
(645, 29, 23, 1, 1600, 0, 'Cash', '2022-07-26'),
(646, 29, 23, 1, 0, 270, 'Pass', '2022-07-27'),
(647, 29, 23, 1, 0, 270, 'Pass', '2022-07-28'),
(648, 29, 23, 1, 0, 270, 'Pass', '2022-07-29'),
(649, 29, 23, 1, 0, 270, 'Pass', '2022-07-30'),
(650, 29, 23, 1, 0, 270, 'Pass', '2022-08-01'),
(651, 29, 23, 1, 1600, 0, 'Cash', '2022-08-02'),
(652, 29, 23, 1, 0, 270, 'Pass', '2022-08-03'),
(653, 29, 23, 1, 0, 270, 'Pass', '2022-08-04'),
(654, 29, 23, 1, 0, 270, 'Pass', '2022-08-05'),
(655, 29, 23, 1, 0, 270, 'Pass', '2022-08-06'),
(656, 29, 23, 1, 0, 270, 'Pass', '2022-08-08'),
(657, 29, 23, 1, 1600, 0, 'Cash', '2022-08-09'),
(658, 29, 23, 1, 0, 270, 'Pass', '2022-08-10'),
(659, 29, 23, 1, 0, 270, 'Pass', '2022-08-11'),
(660, 29, 23, 1, 0, 270, 'Pass', '2022-08-12'),
(661, 29, 23, 1, 0, 270, 'Pass', '2022-08-13'),
(662, 29, 23, 1, 0, 270, 'Pass', '2022-08-15'),
(663, 29, 23, 1, 1600, 0, 'Cash', '2022-08-16'),
(664, 30, 24, 1, 2000, 0, 'Cash', '2022-07-19'),
(665, 30, 24, 1, 0, 331, 'Pass', '2022-07-20'),
(666, 30, 24, 1, 0, 331, 'Pass', '2022-07-21'),
(667, 30, 24, 1, 0, 331, 'Pass', '2022-07-22'),
(668, 30, 24, 1, 0, 331, 'Pass', '2022-07-23'),
(669, 30, 24, 1, 0, 331, 'Pass', '2022-07-25'),
(670, 30, 24, 1, 2000, 0, 'Cash', '2022-07-26'),
(671, 30, 24, 1, 0, 331, 'Pass', '2022-07-27'),
(672, 30, 24, 1, 0, 331, 'Pass', '2022-07-28'),
(673, 30, 24, 1, 0, 331, 'Pass', '2022-07-29'),
(674, 30, 24, 1, 0, 331, 'Pass', '2022-07-30'),
(675, 30, 24, 1, 0, 331, 'Pass', '2022-08-01'),
(676, 30, 24, 1, 2000, 0, 'Cash', '2022-08-02'),
(677, 30, 24, 1, 0, 331, 'Pass', '2022-08-03'),
(678, 30, 24, 1, 0, 331, 'Pass', '2022-08-04'),
(679, 30, 24, 1, 0, 331, 'Pass', '2022-08-05'),
(680, 30, 24, 1, 0, 331, 'Pass', '2022-08-06'),
(681, 30, 24, 1, 0, 331, 'Pass', '2022-08-08'),
(682, 30, 24, 1, 2000, 0, 'Cash', '2022-08-09'),
(683, 30, 24, 1, 0, 331, 'Pass', '2022-08-10'),
(684, 30, 24, 1, 0, 331, 'Pass', '2022-08-11'),
(685, 30, 24, 1, 0, 331, 'Pass', '2022-08-12'),
(686, 30, 24, 1, 0, 331, 'Pass', '2022-08-13'),
(687, 30, 24, 1, 0, 331, 'Pass', '2022-08-15'),
(688, 30, 24, 1, 2000, 0, 'Cash', '2022-08-16'),
(689, 32, 25, 2, 300, 0, 'Cash', '2022-07-21'),
(690, 32, 25, 2, 300, 0, 'Cash', '2022-07-22'),
(691, 32, 25, 2, 300, 0, 'Cash', '2022-07-23'),
(692, 32, 25, 2, 300, 0, 'Cash', '2022-07-25'),
(693, 32, 25, 2, 300, 0, 'Cash', '2022-07-26'),
(694, 32, 25, 2, 0, 257, 'Pass', '2022-07-27'),
(695, 32, 25, 2, 500, 0, 'Cash', '2022-07-28'),
(696, 32, 25, 2, 300, 0, 'Cash', '2022-07-29'),
(697, 32, 25, 2, 300, 0, 'Cash', '2022-07-30'),
(698, 32, 25, 2, 0, 257, 'Pass', '2022-08-01'),
(699, 32, 25, 2, 300, 0, 'Cash', '2022-08-02'),
(700, 32, 25, 2, 0, 257, 'Pass', '2022-08-03'),
(701, 32, 25, 2, 400, 0, 'Cash', '2022-08-04'),
(702, 32, 25, 2, 0, 257, 'Pass', '2022-08-05'),
(703, 32, 25, 2, 300, 0, 'Cash', '2022-08-06'),
(704, 32, 25, 2, 300, 0, 'Cash', '2022-08-08'),
(705, 32, 25, 2, 0, 257, 'Pass', '2022-08-09'),
(706, 32, 25, 2, 300, 0, 'Cash', '2022-08-10'),
(707, 32, 25, 2, 300, 0, 'Cash', '2022-08-11'),
(708, 32, 25, 2, 0, 257, 'Pass', '2022-08-12'),
(709, 32, 25, 2, 300, 0, 'Cash', '2022-08-13'),
(710, 32, 25, 2, 200, 0, 'Cash', '2022-08-15'),
(711, 32, 25, 2, 300, 0, 'Cash', '2022-08-16'),
(712, 33, 26, 2, 0, 530, 'Pass', '2022-07-21'),
(713, 33, 26, 2, 1200, 0, 'Cash', '2022-07-22'),
(714, 33, 26, 2, 0, 530, 'Pass', '2022-07-23'),
(715, 33, 26, 2, 600, 0, 'Cash', '2022-07-25'),
(716, 33, 26, 2, 600, 0, 'Cash', '2022-07-26'),
(717, 33, 26, 2, 1200, 0, 'Cash', '2022-07-27'),
(718, 33, 26, 2, 600, 0, 'Cash', '2022-07-28'),
(719, 33, 26, 2, 0, 530, 'Pass', '2022-07-29'),
(720, 33, 26, 2, 1200, 0, 'Cash', '2022-07-30'),
(721, 33, 26, 2, 0, 530, 'Pass', '2022-08-01'),
(722, 33, 26, 2, 600, 0, 'Cash', '2022-08-02'),
(723, 33, 26, 2, 0, 530, 'Pass', '2022-08-03'),
(724, 33, 26, 2, 1200, 0, 'Cash', '2022-08-04'),
(725, 33, 26, 2, 600, 0, 'Cash', '2022-08-05'),
(726, 33, 26, 2, 1200, 0, 'Cash', '2022-08-06'),
(727, 33, 26, 2, 0, 530, 'Pass', '2022-08-08'),
(728, 33, 26, 2, 0, 530, 'Pass', '2022-08-09'),
(729, 33, 26, 2, 1200, 0, 'GCash', '2022-08-10'),
(730, 33, 26, 2, 0, 530, 'Pass', '2022-08-11'),
(731, 33, 26, 2, 1200, 0, 'GCash', '2022-08-12'),
(732, 33, 26, 2, 0, 530, 'Pass', '2022-08-13'),
(733, 33, 26, 2, 600, 0, 'GCash', '2022-08-15'),
(734, 33, 26, 2, 0, 530, 'Pass', '2022-08-16'),
(735, 34, 27, 2, 600, 0, 'Cash', '2022-07-21'),
(736, 34, 27, 2, 0, 257, 'Pass', '2022-07-22'),
(737, 34, 27, 2, 0, 257, 'Pass', '2022-07-23'),
(738, 34, 27, 2, 0, 257, 'Pass', '2022-07-25'),
(739, 34, 27, 2, 600, 0, 'Cash', '2022-07-26'),
(740, 34, 27, 2, 0, 257, 'Pass', '2022-07-27'),
(741, 34, 27, 2, 600, 0, 'Cash', '2022-07-28'),
(742, 34, 27, 2, 0, 257, 'Pass', '2022-07-29'),
(743, 34, 27, 2, 600, 0, 'Cash', '2022-07-30'),
(744, 34, 27, 2, 0, 257, 'Pass', '2022-08-01'),
(745, 34, 27, 2, 600, 0, 'Cash', '2022-08-02'),
(746, 34, 27, 2, 0, 257, 'Pass', '2022-08-03'),
(747, 34, 27, 2, 0, 257, 'Pass', '2022-08-04'),
(748, 34, 27, 2, 0, 257, 'Pass', '2022-08-05'),
(749, 34, 27, 2, 1000, 0, 'Cash', '2022-08-06'),
(750, 34, 27, 2, 0, 257, 'Pass', '2022-08-08'),
(751, 34, 27, 2, 0, 257, 'Pass', '2022-08-09'),
(752, 34, 27, 2, 0, 257, 'Pass', '2022-08-10'),
(753, 34, 27, 2, 800, 0, 'Cash', '2022-08-11'),
(754, 34, 27, 2, 0, 257, 'Pass', '2022-08-12'),
(755, 34, 27, 2, 300, 0, 'Cash', '2022-08-13'),
(756, 34, 27, 2, 0, 257, 'Pass', '2022-08-15'),
(757, 34, 27, 2, 500, 0, 'Cash', '2022-08-16'),
(758, 35, 28, 1, 200, 0, 'Cash', '2022-07-21'),
(759, 35, 28, 1, 400, 0, 'Cash', '2022-07-22'),
(760, 35, 28, 1, 300, 0, 'Cash', '2022-07-23'),
(761, 35, 28, 1, 300, 0, 'Cash', '2022-07-25'),
(762, 35, 28, 1, 300, 0, 'Cash', '2022-07-26'),
(763, 35, 28, 1, 300, 0, 'Cash', '2022-07-27'),
(764, 35, 28, 1, 300, 0, 'Cash', '2022-07-28'),
(765, 35, 28, 1, 300, 0, 'Cash', '2022-07-29'),
(766, 35, 28, 1, 300, 0, 'Cash', '2022-07-30'),
(767, 35, 28, 1, 300, 0, 'Cash', '2022-08-01'),
(768, 35, 28, 1, 300, 0, 'Cash', '2022-08-02'),
(769, 35, 28, 1, 300, 0, 'Cash', '2022-08-03'),
(770, 35, 28, 1, 300, 0, 'Cash', '2022-08-04'),
(771, 35, 28, 1, 300, 0, 'Cash', '2022-08-05'),
(772, 35, 28, 1, 300, 0, 'Cash', '2022-08-06'),
(773, 35, 28, 1, 300, 0, 'Cash', '2022-08-08'),
(774, 35, 28, 1, 300, 0, 'Cash', '2022-08-09'),
(775, 35, 28, 1, 300, 0, 'Cash', '2022-08-10'),
(776, 35, 28, 1, 300, 0, 'Cash', '2022-08-11'),
(777, 35, 28, 1, 300, 0, 'Cash', '2022-08-12'),
(778, 35, 28, 1, 300, 0, 'Cash', '2022-08-13'),
(779, 35, 28, 1, 300, 0, 'Cash', '2022-08-15'),
(780, 35, 28, 1, 300, 0, 'Cash', '2022-08-16'),
(781, 36, 29, 2, 37212, 0, 'GCash', '2022-08-01'),
(782, 36, 30, 1, 400, 0, 'Cash', '2022-07-01'),
(783, 36, 30, 1, 400, 0, 'Cash', '2022-08-19'),
(784, 36, 30, 1, 400, 0, 'Cash', '2022-08-19'),
(785, 36, 30, 1, 500, 0, 'GCash', '2022-08-19'),
(786, 36, 30, 1, 0, 398, 'Pass', '2022-08-19'),
(787, 36, 30, 1, 500, 0, 'Cash', '2022-08-19'),
(788, 36, 30, 1, 0, 398, 'Pass', '2022-08-19'),
(789, 36, 30, 1, 0, 398, 'Pass', '2022-08-19'),
(790, 36, 30, 1, 0, 398, 'Pass', '2022-08-19'),
(791, 36, 30, 1, 0, 398, 'Pass', '2022-08-19'),
(792, 36, 30, 1, 1000, 0, 'Cash', '2022-08-19'),
(793, 36, 30, 1, 1000, 0, 'Cash', '2022-08-19'),
(794, 36, 30, 1, 32328, 0, 'GCash', '2022-08-19'),
(795, 36, 30, 1, 1, 0, 'GCash', '2022-08-19'),
(796, 36, 30, 1, 1, 0, 'Cash', '2022-08-19'),
(797, 36, 30, 1, 2, 0, 'Cash', '2022-08-19'),
(798, 36, 30, 1, 3, 0, 'GCash', '2022-08-19'),
(799, 36, 30, 1, 1, 0, 'Cash', '2022-08-19'),
(800, 36, 30, 1, 1, 0, 'Cash', '2022-08-19'),
(801, 36, 31, 1, 200, 0, 'Cash', '2022-07-04'),
(802, 36, 31, 1, 200, 0, 'Cash', '2022-07-05'),
(803, 36, 31, 1, 200, 0, 'Cash', '2022-07-06'),
(804, 36, 31, 1, 200, 0, 'GCash', '2022-07-07'),
(805, 36, 31, 1, 200, 0, 'GCash', '2022-07-08'),
(806, 36, 31, 1, 200, 0, 'Cash', '2022-07-09'),
(807, 36, 31, 1, 10000, 0, 'Cash', '2022-07-11'),
(808, 36, 31, 1, 980, 0, 'Cash', '2022-08-19'),
(809, 36, 32, 1, 2666, 0, 'Cash', '2022-08-19'),
(810, 36, 32, 1, 100, 0, 'Cash', '2022-08-19'),
(811, 36, 32, 1, 400, 0, 'GCash', '2022-08-19'),
(812, 36, 32, 1, 166, 0, 'GCash', '2022-08-19'),
(813, 36, 32, 1, 0, 257, 'Pass', '2022-08-19'),
(814, 36, 32, 1, 300, 0, 'Cash', '2022-08-21'),
(815, 36, 32, 1, 100, 0, 'GCash', '2022-08-21'),
(816, 36, 32, 1, 100, 0, 'Cash', '2022-08-21'),
(817, 36, 32, 1, 350, 0, 'GCash', '2022-08-21'),
(818, 36, 32, 1, 100, 0, 'Cash', '2022-08-21'),
(819, 36, 32, 1, 200, 0, 'GCash', '2022-08-21'),
(820, 36, 32, 1, 222, 0, 'GCash', '2022-08-22'),
(821, 36, 32, 1, 300, 0, 'Cash', '2022-08-23'),
(822, 7, 5, 2, 500, 0, 'Cash', '2022-08-23'),
(823, 8, 6, 2, 900, 0, 'Cash', '2022-08-22'),
(824, 36, 32, 1, 257, 0, 'Cash', '2022-08-24'),
(825, 36, 32, 1, 218.216, 0, 'Cash', '2022-08-24'),
(826, 36, 32, 1, 257, 0, 'Cash', '2022-08-23'),
(827, 37, 33, 1, 11777, 0, 'Cash', '2022-08-24'),
(828, 36, 32, 1, 250, 0, 'Cash', '2022-08-27'),
(829, 37, 34, 2, 68, 0, 'Cash', '2022-08-25'),
(830, 37, 34, 2, 68, 0, 'Cash', '2022-08-25'),
(831, 37, 34, 2, 68, 0, 'Cash', '2022-08-25'),
(832, 37, 34, 2, 68, 0, 'GCash', '2022-08-25'),
(833, 37, 34, 2, 68, 0, 'GCash', '2022-08-25'),
(834, 37, 34, 2, 68, 0, 'Cash', '2022-08-25'),
(835, 37, 34, 2, 68, 0, 'Cash', '2022-08-25'),
(836, 37, 34, 2, 68, 0, 'Cash', '2022-08-25'),
(837, 37, 34, 2, 68, 0, 'GCash', '2022-08-25'),
(838, 37, 34, 2, 68, 0, 'Cash', '2022-08-25'),
(839, 37, 34, 2, 68, 0, 'Cash', '2022-08-25'),
(840, 37, 34, 2, 68, 0, 'Cash', '2022-08-25'),
(841, 37, 34, 2, 68, 0, 'GCash', '2022-08-25'),
(842, 37, 34, 2, 68, 0, 'Cash', '2022-08-25'),
(843, 37, 34, 2, 68, 0, 'GCash', '2022-08-25'),
(844, 37, 34, 2, 68, 0, 'GCash', '2022-08-25'),
(845, 37, 34, 2, 68, 0, 'Cash', '2022-08-25'),
(846, 37, 34, 2, 68, 0, 'Cash', '2022-08-25'),
(847, 37, 34, 2, 68, 0, 'GCash', '2022-08-25'),
(848, 37, 34, 2, 68, 0, 'GCash', '2022-08-25'),
(849, 37, 34, 2, 68, 0, 'Cash', '2022-08-25'),
(850, 37, 34, 2, 68, 0, 'Cash', '2022-08-25'),
(851, 37, 34, 2, 68, 0, 'GCash', '2022-08-25'),
(852, 37, 34, 2, 68, 0, 'GCash', '2022-08-25'),
(853, 37, 34, 2, 68, 0, 'GCash', '2022-08-25'),
(854, 37, 34, 2, 68, 0, 'GCash', '2022-08-25'),
(855, 37, 34, 2, 68, 0, 'Cash', '2022-08-25'),
(856, 37, 34, 2, 68, 0, 'Cash', '2022-08-25'),
(857, 37, 34, 2, 68, 0, 'GCash', '2022-08-25'),
(858, 37, 34, 2, 68, 0, 'Cash', '2022-08-25'),
(859, 37, 34, 2, 68, 0, 'GCash', '2022-08-25'),
(860, 37, 34, 2, 68, 0, 'Cash', '2022-08-25'),
(861, 37, 34, 2, 68, 0, 'Cash', '2022-08-25'),
(862, 37, 34, 2, 68, 0, 'GCash', '2022-08-25'),
(863, 37, 34, 2, 68, 0, 'Cash', '2022-08-25'),
(864, 37, 34, 2, 68, 0, 'Cash', '2022-08-25'),
(865, 37, 34, 2, 68, 0, 'GCash', '2022-08-25'),
(866, 37, 34, 2, 68, 0, 'GCash', '2022-08-25'),
(867, 37, 34, 2, 68, 0, 'GCash', '2022-08-25'),
(868, 37, 34, 2, 68, 0, 'GCash', '2022-08-25'),
(869, 37, 34, 2, 68, 0, 'Cash', '2022-08-25'),
(870, 37, 34, 2, 68, 0, 'GCash', '2022-08-25'),
(871, 37, 34, 2, 68, 0, 'Cash', '2022-08-25'),
(872, 37, 34, 2, 68, 0, 'Cash', '2022-08-25'),
(873, 37, 34, 2, 68, 0, 'Cash', '2022-08-25'),
(874, 37, 34, 2, 68, 0, 'Cash', '2022-08-25'),
(875, 37, 34, 2, 68, 0, 'Cash', '2022-08-25'),
(876, 37, 34, 2, 68, 0, 'Cash', '2022-08-25'),
(877, 37, 34, 2, 68, 0, 'GCash', '2022-08-25'),
(878, 37, 34, 2, 68, 0, 'GCash', '2022-08-25'),
(879, 37, 34, 2, 68, 0, 'GCash', '2022-08-25'),
(880, 37, 34, 2, 68, 0, 'Cash', '2022-08-25'),
(881, 37, 34, 2, 68, 0, 'Cash', '2022-08-25'),
(882, 37, 34, 2, 68, 0, 'GCash', '2022-08-25'),
(883, 37, 34, 2, 68, 0, 'GCash', '2022-08-25'),
(884, 37, 34, 2, 68, 0, 'GCash', '2022-08-25'),
(885, 37, 34, 2, 68, 0, 'Cash', '2022-08-25'),
(886, 37, 34, 2, 68, 0, 'GCash', '2022-08-25'),
(887, 37, 34, 2, 68, 0, 'Cash', '2022-08-25'),
(888, 37, 34, 2, 68, 0, 'Cash', '2022-08-25'),
(889, 37, 34, 2, 68, 0, 'GCash', '2022-08-25'),
(890, 37, 34, 2, 68, 0, 'Cash', '2022-08-25'),
(891, 37, 34, 2, 68, 0, 'Cash', '2022-08-25'),
(892, 37, 34, 2, 68, 0, 'GCash', '2022-08-25'),
(893, 37, 34, 2, 68, 0, 'GCash', '2022-08-25'),
(894, 37, 34, 2, 68, 0, 'GCash', '2022-08-25'),
(895, 37, 34, 2, 68, 0, 'Cash', '2022-08-25'),
(896, 37, 34, 2, 68, 0, 'GCash', '2022-08-25'),
(897, 37, 34, 2, 68, 0, 'GCash', '2022-08-25'),
(898, 37, 34, 2, 68, 0, 'GCash', '2022-08-25'),
(899, 37, 34, 2, 68, 0, 'Cash', '2022-08-25'),
(900, 37, 34, 2, 68, 0, 'GCash', '2022-08-25'),
(901, 37, 34, 2, 68, 0, 'GCash', '2022-08-25'),
(902, 37, 34, 2, 68, 0, 'Cash', '2022-08-25'),
(903, 37, 34, 2, 68, 0, 'Cash', '2022-08-25'),
(904, 37, 34, 2, 68, 0, 'GCash', '2022-08-25'),
(905, 37, 34, 2, 68, 0, 'Cash', '2022-08-25'),
(906, 37, 34, 2, 68, 0, 'GCash', '2022-08-25'),
(907, 37, 34, 2, 68, 0, 'GCash', '2022-08-25'),
(908, 37, 34, 2, 68, 0, 'GCash', '2022-08-25'),
(909, 37, 34, 2, 68, 0, 'Cash', '2022-08-25'),
(910, 37, 34, 2, 68, 0, 'GCash', '2022-08-25'),
(911, 37, 34, 2, 68, 0, 'Cash', '2022-08-25'),
(912, 37, 34, 2, 68, 0, 'GCash', '2022-08-25'),
(913, 37, 34, 2, 68, 0, 'Cash', '2022-08-25'),
(914, 37, 34, 2, 68, 0, 'Cash', '2022-08-25'),
(915, 37, 34, 2, 68, 0, 'Cash', '2022-08-25'),
(916, 37, 34, 2, 68, 0, 'Cash', '2022-08-25'),
(917, 37, 34, 2, 68, 0, 'Cash', '2022-08-25'),
(918, 37, 34, 2, 68, 0, 'GCash', '2022-08-25'),
(919, 37, 34, 2, 68, 0, 'Cash', '2022-08-25'),
(920, 37, 35, 2, 150, 0, 'Cash', '2022-08-26'),
(921, 37, 35, 2, 150, 0, 'Cash', '2022-08-26'),
(922, 37, 35, 2, 150, 0, 'Cash', '2022-08-26'),
(923, 37, 35, 2, 1000, 0, 'Cash', '2022-08-26'),
(924, 37, 35, 2, 500, 0, 'Cash', '2022-08-26'),
(925, 37, 35, 2, 125, 0, 'Cash', '2022-08-26'),
(926, 37, 35, 2, 500, 0, 'Cash', '2022-08-26'),
(927, 37, 35, 2, 1000, 0, 'Cash', '2022-08-26'),
(928, 37, 35, 2, 500, 0, 'Cash', '2022-08-26'),
(929, 37, 35, 2, 300, 0, 'Cash', '2022-08-26'),
(930, 37, 35, 2, 400, 0, 'Cash', '2022-08-26'),
(931, 37, 35, 2, 974, 0, 'GCash', '2022-08-26'),
(932, 37, 36, 1, 95, 0, 'Cash', '2022-08-27'),
(933, 37, 36, 1, 12879, 0, 'Cash', '2022-08-27'),
(934, 37, 37, 1, 6188, 0, 'Cash', '2022-08-25'),
(935, 37, 38, 1, 6188, 0, 'GCash', '2022-08-26');

-- --------------------------------------------------------

--
-- Table structure for table `rates`
--

CREATE TABLE `rates` (
  `r_id` int(11) NOT NULL,
  `amount` float NOT NULL,
  `payable` float NOT NULL,
  `amortization` float NOT NULL,
  `interestrate` float NOT NULL,
  `mode` varchar(100) NOT NULL,
  `term` varchar(100) NOT NULL
) ENGINE=InnoDB DEFAULT CHARSET=utf8mb4;

--
-- Dumping data for table `rates`
--

INSERT INTO `rates` (`r_id`, `amount`, `payable`, `amortization`, `interestrate`, `mode`, `term`) VALUES
(1, 5000, 5507, 240, 10.14, 'daily', '1 month'),
(2, 8000, 8692, 378, 8.65, 'Daily', '1 Month'),
(3, 10000, 10814, 471, 8.14, 'daily', '1 month'),
(4, 12000, 13037, 567, 8.64, 'daily', '1 month'),
(5, 14000, 15160, 660, 8.29, 'daily', '1 month'),
(6, 15000, 16221, 706, 8.14, 'daily', '1 month'),
(7, 20000, 21628, 941, 8.14, 'daily', '1 month'),
(8, 25000, 27035, 1176, 8.14, 'daily', '1 month'),
(9, 30000, 32442, 1411, 8.14, 'daily', '1 month'),
(10, 35000, 37849, 1646, 8.14, 'daily', '1 month'),
(11, 40000, 43256, 1881, 8.14, 'daily', '1 month'),
(12, 45000, 48663, 2116, 8.14, 'daily', '1 month'),
(13, 50000, 54070, 2351, 8.14, 'daily', '1 month'),
(14, 55000, 59477, 2586, 8.14, 'daily', '1 month'),
(15, 60000, 64884, 2822, 8.14, 'daily', '1 month'),
(16, 65000, 70291, 3057, 8.14, 'daily', '1 month'),
(17, 70000, 75698, 3292, 8.14, 'daily', '1 month'),
(18, 75000, 81105, 3527, 8.14, 'daily', '1 month'),
(19, 80000, 86512, 3762, 8.14, 'daily', '1 month'),
(20, 85000, 91919, 3997, 8.14, 'daily', '1 month'),
(21, 90000, 97326, 4232, 8.14, 'daily', '1 month'),
(22, 95000, 102733, 4467, 8.14, 'daily', '1 month'),
(23, 100000, 108140, 4702, 8.14, 'daily', '1 month'),
(24, 5000, 5749, 125, 14.98, 'daily', '2 months'),
(25, 8000, 9077, 198, 13.46, 'daily', '2 months'),
(26, 10000, 11296, 246, 12.96, 'daily', '2 months'),
(27, 12000, 13615, 296, 13.46, 'daily', '2 months'),
(28, 14000, 15835, 345, 13.11, 'daily', '2 months'),
(29, 15000, 16944, 369, 12.96, 'daily', '2 months'),
(30, 20000, 22591, 492, 12.96, 'daily', '2 months'),
(31, 25000, 28240, 614, 12.96, 'daily', '2 months'),
(32, 30000, 33887, 737, 12.96, 'daily', '2 months'),
(33, 35000, 39535, 860, 12.96, 'daily', '2 months'),
(34, 40000, 45182, 983, 12.96, 'daily', '2 months'),
(35, 45000, 50831, 1106, 12.96, 'daily', '2 months'),
(36, 50000, 56478, 1228, 12.96, 'daily', '2 months'),
(37, 55000, 62126, 1351, 12.96, 'daily', '2 months'),
(38, 60000, 67773, 1474, 12.96, 'daily', '2 months'),
(39, 65000, 73422, 1597, 12.96, 'daily', '2 months'),
(40, 70000, 79069, 1719, 12.96, 'daily', '2 months'),
(41, 75000, 84717, 1842, 12.96, 'daily', '2 months'),
(42, 80000, 90364, 1965, 12.96, 'daily', '2 months'),
(43, 85000, 96013, 2088, 12.96, 'daily', '2 months'),
(44, 90000, 101660, 2210, 12.96, 'daily', '2 months'),
(45, 95000, 107308, 2333, 12.96, 'daily', '2 months'),
(46, 100000, 112955, 2456, 12.96, 'daily', '2 months'),
(47, 5000, 5989, 87, 19.78, 'daily', '3 months'),
(48, 8000, 9462, 138, 18.275, 'daily', '3 months'),
(49, 10000, 11777, 171, 17.77, 'daily', '3 months'),
(50, 12000, 14193, 206, 18.275, 'daily', '3 months'),
(51, 14000, 16508, 240, 17.914, 'daily', '3 months'),
(52, 15000, 17666, 257, 17.773, 'daily', '3 months'),
(53, 20000, 23554, 342, 17.77, 'daily', '3 months'),
(54, 25000, 29443, 427, 17.772, 'daily', '3 months'),
(55, 30000, 35331, 513, 17.77, 'daily', '3 months'),
(56, 35000, 41220, 598, 17.77, 'daily', '3 months'),
(57, 40000, 47108, 683, 17.77, 'daily', '3 months'),
(58, 45000, 52997, 767, 17.77, 'daily', '3 months'),
(59, 50000, 58885, 854, 17.77, 'daily', '3 months'),
(60, 55000, 64774, 939, 17.77, 'daily', '3 months'),
(61, 60000, 70662, 1025, 17.77, 'daily', '3 months'),
(62, 65000, 76551, 1110, 17.77, 'daily', '3 months'),
(63, 70000, 82439, 1195, 17.77, 'daily', '3 months'),
(64, 75000, 88328, 1281, 17.77, 'daily', '3 months'),
(65, 80000, 94216, 1366, 17.77, 'daily', '3 months'),
(66, 85000, 100105, 1451, 17.77, 'daily', '3 months'),
(67, 90000, 105993, 1537, 17.77, 'daily', '3 months'),
(68, 95000, 111882, 1622, 17.77, 'daily', '3 months'),
(69, 100000, 117770, 1707, 17.77, 'daily', '3 months'),
(70, 5000, 6188, 68, 23.76, 'daily', '4 months'),
(71, 8000, 9781, 107, 22.263, 'daily', '4 months'),
(72, 10000, 12176, 133, 21.76, 'daily', '4 months'),
(73, 12000, 14672, 160, 22.267, 'daily', '4 months'),
(74, 14000, 17067, 186, 21.907, 'daily', '4 months'),
(75, 15000, 18264, 200, 21.76, 'daily', '4 months'),
(76, 20000, 24352, 270, 21.76, 'daily', '4 months'),
(77, 25000, 30440, 331, 21.76, 'daily', '4 months'),
(78, 30000, 36528, 398, 21.76, 'daily', '4 months'),
(79, 35000, 42616, 464, 21.76, 'daily', '4 months'),
(80, 40000, 48704, 530, 21.76, 'daily', '4 months'),
(81, 45000, 54792, 596, 21.76, 'daily', '4 months'),
(82, 50000, 60880, 662, 21.76, 'daily', '4 months'),
(83, 55000, 66968, 728, 21.76, 'daily', '4 months'),
(84, 60000, 73056, 795, 21.76, 'daily', '4 months'),
(85, 65000, 79144, 861, 21.76, 'daily', '4 months'),
(86, 70000, 85232, 927, 21.76, 'daily', '4 months'),
(87, 75000, 91320, 993, 21.76, 'daily', '4 months'),
(88, 80000, 97408, 1059, 21.76, 'daily', '4 months'),
(89, 85000, 103496, 1125, 21.76, 'daily', '4 months'),
(90, 90000, 109584, 1192, 21.76, 'daily', '4 months'),
(91, 95000, 115672, 1258, 21.76, 'daily', '4 months'),
(92, 100000, 121760, 1324, 21.76, 'daily', '4 months'),
(93, 5000, 6388, 56, 27.76, 'daily', '5 months'),
(94, 8000, 10100, 88, 26.25, 'daily', '5 months'),
(95, 10000, 12575, 110, 25.75, 'daily', '5 months'),
(96, 12000, 15150, 132, 26.25, 'daily', '5 months'),
(97, 14000, 17625, 154, 25.893, 'daily', '5 months'),
(98, 15000, 18863, 165, 25.753, 'daily', '5 months'),
(99, 20000, 25150, 219, 25.753, 'daily', '5 months'),
(100, 25000, 31438, 274, 25.753, 'daily', '5 months'),
(101, 30000, 37725, 329, 25.753, 'daily', '5 months'),
(102, 35000, 44013, 383, 25.753, 'daily', '5 months'),
(103, 40000, 50300, 438, 25.753, 'daily', '5 months'),
(104, 45000, 56588, 493, 25.753, 'daily', '5 months'),
(105, 50000, 62875, 547, 25.753, 'daily', '5 months'),
(106, 55000, 69163, 602, 25.753, 'daily', '5 months'),
(107, 60000, 75450, 657, 25.753, 'daily', '5 months'),
(108, 65000, 81738, 711, 25.753, 'daily', '5 months'),
(109, 70000, 88025, 766, 25.753, 'daily', '5 months'),
(110, 75000, 94313, 821, 25.7507, 'daily', '5 months'),
(111, 80000, 100600, 875, 25.75, 'daily', '5 months'),
(112, 85000, 106888, 930, 25.7506, 'daily', '5 months'),
(113, 90000, 113175, 985, 25.753, 'daily', '5 months'),
(114, 95000, 119463, 1039, 25.753, 'daily', '5 months'),
(115, 100000, 125750, 1094, 25.753, 'daily', '5 months'),
(116, 5000, 6587, 48, 31.74, 'daily', '6 months'),
(117, 8000, 10420, 76, 30.25, 'daily', '6 months'),
(118, 10000, 12974, 95, 29.74, 'daily', '6 months'),
(119, 12000, 15629, 114, 30.242, 'daily', '6 months'),
(120, 14000, 18184, 132, 29.886, 'daily', '6 months'),
(121, 15000, 19461, 142, 29.74, 'daily', '6 months'),
(122, 20000, 25948, 189, 29.74, 'daily', '6 months'),
(123, 25000, 32435, 236, 29.74, 'daily', '6 months'),
(124, 30000, 38922, 283, 29.74, 'daily', '6 months'),
(125, 35000, 45409, 330, 29.74, 'daily', '6 months'),
(126, 40000, 51896, 377, 29.74, 'daily', '6 months'),
(127, 45000, 58383, 424, 29.74, 'daily', '6 months'),
(128, 50000, 64870, 471, 29.74, 'daily', '6 months'),
(129, 55000, 71357, 518, 29.74, 'daily', '6 months'),
(130, 60000, 77844, 565, 29.74, 'daily', '6 months'),
(131, 65000, 84331, 612, 29.74, 'daily', '6 months'),
(132, 70000, 90818, 659, 29.74, 'daily', '6 months'),
(133, 75000, 97305, 706, 29.74, 'daily', '6 months'),
(134, 80000, 103792, 753, 29.74, 'daily', '6 months'),
(135, 85000, 110279, 800, 29.74, 'daily', '6 months'),
(136, 90000, 116766, 847, 29.74, 'daily', '6 months'),
(137, 95000, 123253, 894, 29.74, 'daily', '6 months'),
(138, 100000, 129740, 941, 29.74, 'daily', '6 months'),
(139, 5000, 5536, 1384, 0, 'weekly', '1 month'),
(140, 8000, 8737, 2185, 0, 'weekly', '1 month'),
(141, 10000, 10871, 2718, 0, 'weekly', '1 month'),
(142, 12000, 13106, 3277, 0, 'weekly', '1 month'),
(143, 14000, 15240, 3810, 0, 'weekly', '1 month'),
(144, 15000, 16307, 4077, 0, 'weekly', '1 month'),
(145, 20000, 21742, 5436, 0, 'weekly', '1 month'),
(146, 25000, 27178, 6795, 0, 'weekly', '1 month'),
(147, 30000, 32613, 8154, 0, 'weekly', '1 month'),
(148, 35000, 38049, 9513, 0, 'weekly', '1 month'),
(149, 40000, 43484, 10871, 0, 'weekly', '1 month'),
(150, 45000, 48920, 12230, 0, 'weekly', '1 month'),
(151, 50000, 54355, 13589, 0, 'weekly', '1 month'),
(152, 55000, 59791, 14948, 0, 'weekly', '1 month'),
(153, 60000, 65226, 16307, 0, 'weekly', '1 month'),
(154, 65000, 70662, 17666, 0, 'weekly', '1 month'),
(155, 70000, 76097, 19025, 0, 'weekly', '1 month'),
(156, 75000, 81533, 20384, 0, 'weekly', '1 month'),
(157, 80000, 86968, 21742, 0, 'weekly', '1 month'),
(158, 85000, 92404, 23101, 0, 'weekly', '1 month'),
(159, 90000, 97839, 24460, 0, 'weekly', '1 month'),
(160, 95000, 103275, 25819, 0, 'weekly', '1 month'),
(161, 100000, 108710, 27178, 0, 'weekly', '1 month'),
(162, 5000, 5806, 726, 0, 'weekly', '2 months'),
(163, 8000, 9168, 1146, 0, 'weekly', '2 months'),
(164, 10000, 11410, 1427, 0, 'weekly', '2 months'),
(165, 12000, 13752, 1719, 0, 'weekly', '2 months'),
(166, 14000, 15994, 2000, 0, 'weekly', '2 months'),
(167, 15000, 17115, 2140, 0, 'weekly', '2 months'),
(168, 20000, 22819, 2853, 0, 'weekly', '2 months'),
(169, 25000, 28525, 3566, 0, 'weekly', '2 months'),
(170, 30000, 34229, 4279, 0, 'weekly', '2 months'),
(171, 35000, 39934, 4992, 0, 'weekly', '2 months'),
(172, 40000, 45638, 5705, 0, 'weekly', '2 months'),
(173, 45000, 51344, 6418, 0, 'weekly', '2 months'),
(174, 50000, 57048, 7131, 0, 'weekly', '2 months'),
(175, 55000, 62753, 7845, 0, 'weekly', '2 months'),
(176, 60000, 68457, 8558, 0, 'weekly', '2 months'),
(177, 65000, 74163, 9271, 0, 'weekly', '2 months'),
(178, 70000, 79867, 9984, 0, 'weekly', '2 months'),
(179, 75000, 85572, 10697, 0, 'weekly', '2 months'),
(180, 80000, 91276, 11410, 0, 'weekly', '2 months'),
(181, 85000, 96982, 12123, 0, 'weekly', '2 months'),
(182, 90000, 102686, 12836, 0, 'weekly', '2 months'),
(183, 95000, 108391, 13549, 0, 'weekly', '2 months'),
(184, 100000, 114095, 14262, 0, 'weekly', '2 months'),
(185, 5000, 6074, 507, 0, 'weekly', '3 months'),
(186, 8000, 9599, 800, 0, 'weekly', '3 months'),
(187, 10000, 11948, 996, 0, 'weekly', '3 months'),
(188, 12000, 14398, 1200, 0, 'weekly', '3 months'),
(189, 14000, 16748, 1396, 0, 'weekly', '3 months'),
(190, 15000, 17922, 1494, 0, 'weekly', '3 months'),
(191, 20000, 23896, 1992, 0, 'weekly', '3 months'),
(192, 25000, 29870, 2490, 0, 'weekly', '3 months'),
(193, 30000, 35844, 2987, 0, 'weekly', '3 months'),
(194, 35000, 41818, 3485, 0, 'weekly', '3 months'),
(195, 40000, 47792, 3983, 0, 'weekly', '3 months'),
(196, 45000, 53766, 4481, 0, 'weekly', '3 months'),
(197, 50000, 59740, 4979, 0, 'weekly', '3 months'),
(198, 55000, 65714, 5477, 0, 'weekly', '3 months'),
(199, 60000, 71688, 5974, 0, 'weekly', '3 months'),
(200, 65000, 77662, 6472, 0, 'weekly', '3 months'),
(201, 70000, 83636, 6970, 0, 'weekly', '3 months'),
(202, 75000, 89610, 7468, 0, 'weekly', '3 months'),
(203, 80000, 95584, 7966, 0, 'weekly', '3 months'),
(204, 85000, 101558, 8464, 0, 'weekly', '3 months'),
(205, 90000, 107532, 8961, 0, 'weekly', '3 months'),
(206, 95000, 113506, 9459, 0, 'weekly', '3 months'),
(207, 100000, 119480, 9957, 0, 'weekly', '3 months'),
(208, 5000, 6302, 394, 0, 'weekly', '4 months'),
(209, 8000, 9964, 623, 0, 'weekly', '4 months'),
(210, 10000, 12404, 776, 0, 'weekly', '4 months'),
(211, 12000, 14945, 935, 0, 'weekly', '4 months'),
(212, 14000, 17386, 1087, 0, 'weekly', '4 months'),
(213, 15000, 18606, 1163, 0, 'weekly', '4 months'),
(214, 20000, 24808, 1551, 0, 'weekly', '4 months'),
(215, 25000, 31010, 1939, 0, 'weekly', '4 months'),
(216, 30000, 37212, 2326, 0, 'weekly', '4 months'),
(217, 35000, 43414, 2714, 0, 'weekly', '4 months'),
(218, 40000, 49616, 3101, 0, 'weekly', '4 months'),
(219, 45000, 55818, 3489, 0, 'weekly', '4 months'),
(220, 50000, 62020, 3877, 0, 'weekly', '4 months'),
(221, 55000, 68222, 4264, 0, 'weekly', '4 months'),
(222, 60000, 74424, 4652, 0, 'weekly', '4 months'),
(223, 65000, 80626, 5040, 0, 'weekly', '4 months'),
(224, 70000, 86828, 5427, 0, 'weekly', '4 months'),
(225, 75000, 93030, 5815, 0, 'weekly', '4 months'),
(226, 80000, 99232, 6202, 0, 'weekly', '4 months'),
(227, 85000, 105434, 6590, 0, 'weekly', '4 months'),
(228, 90000, 111636, 6978, 0, 'weekly', '4 months'),
(229, 95000, 117838, 7365, 0, 'weekly', '4 months'),
(230, 100000, 124040, 7753, 0, 'weekly', '4 months'),
(231, 5000, 6530, 327, 0, 'weekly', '5 months'),
(232, 8000, 10328, 517, 0, 'weekly', '5 months'),
(233, 10000, 12860, 643, 0, 'weekly', '5 months'),
(234, 12000, 15492, 775, 0, 'weekly', '5 months'),
(235, 14000, 18024, 902, 0, 'weekly', '5 months'),
(236, 15000, 19290, 965, 0, 'weekly', '5 months'),
(237, 20000, 25720, 1286, 0, 'weekly', '5 months'),
(238, 25000, 32150, 1608, 0, 'weekly', '5 months'),
(239, 30000, 38580, 1929, 0, 'weekly', '5 months'),
(240, 35000, 45010, 2251, 0, 'weekly', '5 months'),
(241, 40000, 51440, 2572, 0, 'weekly', '5 months'),
(242, 45000, 57870, 2894, 0, 'weekly', '5 months'),
(243, 50000, 64300, 3215, 0, 'weekly', '5 months'),
(244, 55000, 70730, 3537, 0, 'weekly', '5 months'),
(245, 60000, 77160, 3858, 0, 'weekly', '5 months'),
(246, 65000, 83590, 4180, 0, 'weekly', '5 months'),
(247, 70000, 90020, 4501, 0, 'weekly', '5 months'),
(248, 75000, 96450, 4823, 0, 'weekly', '5 months'),
(249, 80000, 102880, 5144, 0, 'weekly', '5 months'),
(250, 85000, 109310, 5466, 0, 'weekly', '5 months'),
(251, 90000, 115740, 5787, 0, 'weekly', '5 months'),
(252, 95000, 122170, 6109, 0, 'weekly', '5 months'),
(253, 100000, 128600, 6430, 0, 'weekly', '5 months'),
(254, 5000, 6758, 282, 0, 'weekly', '6 months'),
(255, 8000, 10693, 446, 0, 'weekly', '6 months'),
(256, 10000, 13316, 555, 0, 'weekly', '6 months'),
(257, 14000, 18663, 778, 0, 'weekly', '6 months'),
(258, 15000, 19974, 833, 0, 'weekly', '6 months'),
(259, 20000, 26632, 1110, 0, 'weekly', '6 months'),
(260, 25000, 33290, 1388, 0, 'weekly', '6 months'),
(261, 30000, 39948, 1665, 0, 'weekly', '6 months'),
(262, 35000, 46606, 1942, 0, 'weekly', '6 months'),
(263, 40000, 53264, 2220, 0, 'weekly', '6 months'),
(264, 45000, 59922, 2497, 0, 'weekly', '6 months'),
(265, 50000, 66580, 2775, 0, 'weekly', '6 months'),
(266, 55000, 73238, 3052, 0, 'weekly', '6 months'),
(267, 60000, 79896, 3329, 0, 'weekly', '6 months'),
(268, 65000, 86554, 3607, 0, 'weekly', '6 months'),
(269, 70000, 93212, 3884, 0, 'weekly', '6 months'),
(270, 75000, 99870, 4162, 0, 'weekly', '6 months'),
(271, 80000, 106528, 4439, 0, 'weekly', '6 months'),
(272, 85000, 113186, 4717, 0, 'weekly', '6 months'),
(273, 90000, 119844, 4994, 0, 'weekly', '6 months'),
(274, 95000, 126502, 5271, 0, 'weekly', '6 months'),
(275, 100000, 133160, 5549, 0, 'weekly', '6 months');

--
-- Indexes for dumped tables
--

--
-- Indexes for table `borrowers`
--
ALTER TABLE `borrowers`
  ADD PRIMARY KEY (`b_id`);

--
-- Indexes for table `collectors`
--
ALTER TABLE `collectors`
  ADD PRIMARY KEY (`c_id`);

--
-- Indexes for table `loans`
--
ALTER TABLE `loans`
  ADD PRIMARY KEY (`l_id`);

--
-- Indexes for table `payments`
--
ALTER TABLE `payments`
  ADD PRIMARY KEY (`p_id`);

--
-- Indexes for table `rates`
--
ALTER TABLE `rates`
  ADD PRIMARY KEY (`r_id`);

--
-- AUTO_INCREMENT for dumped tables
--

--
-- AUTO_INCREMENT for table `borrowers`
--
ALTER TABLE `borrowers`
  MODIFY `b_id` int(11) NOT NULL AUTO_INCREMENT, AUTO_INCREMENT=38;

--
-- AUTO_INCREMENT for table `collectors`
--
ALTER TABLE `collectors`
  MODIFY `c_id` int(11) NOT NULL AUTO_INCREMENT, AUTO_INCREMENT=3;

--
-- AUTO_INCREMENT for table `loans`
--
ALTER TABLE `loans`
  MODIFY `l_id` int(11) NOT NULL AUTO_INCREMENT, AUTO_INCREMENT=39;

--
-- AUTO_INCREMENT for table `payments`
--
ALTER TABLE `payments`
  MODIFY `p_id` int(11) NOT NULL AUTO_INCREMENT, AUTO_INCREMENT=936;

--
-- AUTO_INCREMENT for table `rates`
--
ALTER TABLE `rates`
  MODIFY `r_id` int(11) NOT NULL AUTO_INCREMENT, AUTO_INCREMENT=276;
COMMIT;

/*!40101 SET CHARACTER_SET_CLIENT=@OLD_CHARACTER_SET_CLIENT */;
/*!40101 SET CHARACTER_SET_RESULTS=@OLD_CHARACTER_SET_RESULTS */;
/*!40101 SET COLLATION_CONNECTION=@OLD_COLLATION_CONNECTION */;
